mol_id,status,HOMO_eV,LUMO_eV,HOMO_LUMO_gap_eV,error,split
MOL_68206,success,-9.38991656,-8.07695246,1.3129641,,train
MOL_46772,success,-9.13032748,-8.38629479,0.74403269,,train
MOL_00015,success,-9.21172664,-8.24261945,0.96910719,,train
MOL_23623,success,-8.95326865,-8.55190372,0.40136494,,train
MOL_34116,success,-8.99556532,-8.49457477,0.50099055,,train
MOL_49088,success,-9.10910188,-8.38439709,0.7247048,,train
MOL_52371,success,-9.15061362,-8.41854742,0.7320662,,train
MOL_53576,success,-8.85955657,-8.63228709,0.22726948,,train
MOL_69010,success,-9.33432715,-8.1246855,1.20964165,,train
MOL_00238,success,-9.28742733,-8.18174174,1.10568559,,train
MOL_32547,success,-9.19789968,-8.31816518,0.87973449,,train
MOL_62676,success,-9.06357412,-8.4029328,0.66064132,,train
MOL_36948,success,-9.07824391,-8.36829835,0.70994556,,train
MOL_28604,success,-8.99092198,-8.56923795,0.42168403,,train
MOL_91576,success,-8.80047253,-8.73616128,0.06431124,,train
MOL_47033,success,-9.045601,-8.49374302,0.55185797,,train
MOL_91553,success,-8.91915489,-8.58378036,0.33537453,,train
MOL_94658,success,-9.17532491,-8.36003274,0.81529217,,train
MOL_90579,success,-9.29746987,-8.03738453,1.26008534,,train
MOL_52509,success,-8.85372429,-8.66057489,0.1931494,,train
MOL_58834,success,-9.27181253,-8.22633677,1.04547576,,train
MOL_78655,success,-9.46550072,-7.99489069,1.47061003,,train
MOL_84046,success,-9.34409886,-8.07260715,1.27149171,,train
MOL_70311,success,-9.04811837,-8.45563247,0.5924859,,train
MOL_89461,success,-9.00603953,-8.49699378,0.50904576,,train
MOL_69401,success,-9.37281292,-8.0983359,1.27447703,,train
MOL_39888,success,-9.08410778,-8.43142197,0.65268581,,train
MOL_74659,success,-9.12342583,-8.40346517,0.71996066,,train
MOL_55091,success,-9.0191139,-8.50065761,0.51845629,,train
MOL_14462,success,-9.07519333,-8.46118833,0.614005,,train
MOL_96439,success,-9.01983875,-8.46533602,0.55450274,,train
MOL_34420,success,-8.84508768,-8.62603274,0.21905494,,train
MOL_47177,success,-8.92029591,-8.59621692,0.32407899,,train
MOL_01751,success,-9.11424829,-8.32852446,0.78572383,,train
MOL_42112,success,-9.26961544,-8.15144194,1.11817351,,train
MOL_62808,success,-9.38575061,-8.11095844,1.27479217,,train
MOL_12574,success,-9.03180235,-8.46667403,0.56512832,,train
MOL_65725,success,-8.78726606,-8.73018201,0.05708405,,train
MOL_96514,success,-9.10429893,-8.34730767,0.75699126,,train
MOL_37941,success,-9.24094831,-8.23158344,1.00936486,,train
MOL_28884,success,-9.35406373,-8.17130755,1.18275618,,train
MOL_17646,success,-9.32336574,-8.123041,1.20032474,,train
MOL_19461,success,-9.02880918,-8.49517923,0.53362995,,train
MOL_78944,success,-9.01637128,-8.46926843,0.54710285,,train
MOL_49278,success,-9.04937349,-8.41867308,0.63070042,,train
MOL_45590,success,-8.91245787,-8.58542299,0.32703488,,train
MOL_30375,success,-9.28630701,-8.221562,1.06474501,,train
MOL_92263,success,-9.25953438,-8.25432571,1.00520868,,train
MOL_91322,success,-9.13076061,-8.38432907,0.74643154,,train
MOL_33331,success,-9.42465945,-7.96315142,1.46150803,,train
MOL_24810,success,-9.202242,-8.30711323,0.89512877,,train
MOL_44940,success,-8.84724918,-8.69494646,0.15230272,,train
MOL_86612,success,-9.07012467,-8.47770728,0.59241739,,train
MOL_59417,success,-9.06970843,-8.38217844,0.68752999,,train
MOL_62162,success,-9.02371778,-8.5250349,0.49868288,,train
MOL_62066,success,-8.88785009,-8.60815175,0.27969835,,train
MOL_57748,success,-9.30830499,-8.17774702,1.13055797,,train
MOL_57307,success,-8.84877888,-8.67393203,0.17484685,,train
MOL_44312,success,-9.32696307,-8.1878986,1.13906447,,train
MOL_42311,success,-8.93035431,-8.58471621,0.3456381,,train
MOL_76289,success,-9.23969936,-8.26028807,0.97941129,,train
MOL_85282,success,-9.25451802,-8.29265923,0.96185878,,train
MOL_26628,success,-9.49045497,-8.0230982,1.46735677,,train
MOL_79027,success,-9.39992213,-8.14044899,1.25947314,,train
MOL_86687,success,-9.20620081,-8.21809142,0.98810939,,train
MOL_28315,success,-9.13521988,-8.36581736,0.76940252,,train
MOL_91406,success,-8.9611578,-8.49846363,0.46269417,,train
MOL_17081,success,-9.50627822,-7.95269447,1.55358375,,train
MOL_72887,success,-9.09924895,-8.39545633,0.70379262,,train
MOL_91388,success,-9.03453219,-8.50185094,0.53268125,,train
MOL_64809,success,-9.42739721,-8.02058924,1.40680798,,train
MOL_97890,success,-9.01934909,-8.47388129,0.5454678,,train
MOL_80599,success,-8.77720201,-8.67906514,0.09813688,,train
MOL_41092,success,-9.16891336,-8.36100605,0.8079073,,train
MOL_99372,success,-9.10967984,-8.42594797,0.68373187,,train
MOL_93468,success,-9.15824276,-8.38061596,0.7776268,,train
MOL_19088,success,-8.89229493,-8.58296398,0.30933095,,train
MOL_01785,success,-9.06521985,-8.4035786,0.66164125,,train
MOL_24295,success,-9.19801178,-8.3103799,0.88763188,,train
MOL_37801,success,-9.13646726,-8.36864834,0.76781891,,train
MOL_72253,success,-9.21684901,-8.19297943,1.02386958,,train
MOL_75233,success,-9.23700943,-8.22662396,1.01038547,,train
MOL_07250,success,-9.14650782,-8.26776298,0.87874484,,train
MOL_01638,success,-8.8585278,-8.60749554,0.25103226,,train
MOL_05839,success,-9.05274923,-8.48987438,0.56287485,,train
MOL_27235,success,-8.94272678,-8.6272027,0.31552408,,train
MOL_12184,success,-8.95267012,-8.51782093,0.43484919,,train
MOL_20272,success,-9.25853953,-8.26696171,0.99157782,,train
MOL_47476,success,-9.37333482,-8.19212567,1.18120915,,train
MOL_37531,success,-9.09990563,-8.43361239,0.66629324,,train
MOL_45529,success,-9.35524545,-8.07458803,1.28065742,,train
MOL_10126,success,-9.18549011,-8.24805304,0.93743708,,train
MOL_95682,success,-9.32808135,-8.13625831,1.19182304,,train
MOL_81955,success,-8.98456419,-8.44712022,0.53744397,,train
MOL_28825,success,-8.92896551,-8.56933558,0.35962993,,train
MOL_43972,success,-9.32845155,-8.07581222,1.25263933,,train
MOL_11758,success,-9.01487103,-8.48027181,0.53459922,,train
MOL_22774,success,-9.14031243,-8.31066165,0.82965078,,train
MOL_25482,success,-9.13148423,-8.36361442,0.76786981,,train
MOL_96382,success,-9.59291269,-7.82580998,1.76710271,,train
MOL_32801,success,-9.07835538,-8.35431737,0.72403801,,train
MOL_56195,success,-9.24826303,-8.2471451,1.00111793,,train
MOL_28769,success,-9.32261059,-8.12662061,1.19598998,,train
MOL_96149,success,-9.33492495,-8.16117357,1.17375138,,train
MOL_44486,success,-8.95671186,-8.54749918,0.40921268,,train
MOL_88333,success,-8.74009215,-8.73218839,0.00790376,,train
MOL_16198,success,-9.42094714,-8.03062051,1.39032663,,train
MOL_74260,success,-9.09162557,-8.43607975,0.65554582,,train
MOL_75702,success,-9.23830946,-8.2525934,0.98571606,,train
MOL_95026,success,-9.04823169,-8.44355985,0.60467184,,train
MOL_69862,success,-9.09501846,-8.25500446,0.840014,,train
MOL_78630,success,-8.83488658,-8.68236604,0.15252054,,train
MOL_38662,success,-9.26071917,-8.21456201,1.04615717,,train
MOL_45583,success,-8.9451104,-8.58890095,0.35620945,,train
MOL_29882,success,-9.26620123,-8.11136613,1.15483509,,train
MOL_90691,success,-9.21846737,-8.29918249,0.91928488,,train
MOL_34492,success,-9.05320016,-8.44793491,0.60526525,,train
MOL_00570,success,-9.45732102,-8.00434151,1.45297951,,train
MOL_91234,success,-9.18899954,-8.29959259,0.88940695,,train
MOL_93370,success,-9.32638646,-8.16526534,1.16112111,,train
MOL_84679,success,-9.29495606,-8.10830164,1.18665442,,train
MOL_85985,success,-9.24689966,-8.24383941,1.00306025,,train
MOL_92690,success,-9.32808453,-8.17471877,1.15336576,,train
MOL_49010,success,-9.27524152,-8.186176,1.08906552,,train
MOL_48562,success,-8.8033662,-8.73488262,0.06848359,,train
MOL_53115,success,-9.2756875,-8.20248433,1.07320317,,train
MOL_19517,success,-9.04069361,-8.49384541,0.5468482,,train
MOL_17802,success,-9.1205774,-8.37165353,0.74892387,,train
MOL_14207,success,-8.93839805,-8.55906268,0.37933537,,train
MOL_40842,success,-8.93871972,-8.51500671,0.423713,,train
MOL_10937,success,-9.32120871,-8.1346694,1.18653932,,train
MOL_05905,success,-8.94327438,-8.63320866,0.31006572,,train
MOL_21991,success,-9.21105412,-8.2596992,0.95135492,,train
MOL_23614,success,-9.07152236,-8.4769167,0.59460566,,train
MOL_39157,success,-9.37004453,-8.09188773,1.2781568,,train
MOL_52254,success,-9.3104017,-8.20119784,1.10920386,,train
MOL_09636,success,-9.0388818,-8.47082693,0.56805487,,train
MOL_78509,success,-9.44488339,-8.0180198,1.42686359,,train
MOL_66824,success,-9.08479907,-8.48298849,0.60181058,,train
MOL_08643,success,-8.92351748,-8.62462966,0.29888782,,train
MOL_62982,success,-9.11573387,-8.33561097,0.78012289,,train
MOL_30588,success,-9.02593836,-8.46143845,0.5644999,,train
MOL_66082,success,-9.22397929,-8.32240735,0.90157194,,train
MOL_03652,success,-8.90940423,-8.60613533,0.3032689,,train
MOL_87269,success,-9.35442365,-8.14514853,1.20927512,,train
MOL_64473,success,-9.43597707,-8.00015793,1.43581914,,train
MOL_69768,success,-9.02223452,-8.47333031,0.5489042,,train
MOL_02060,success,-9.44723452,-8.04854074,1.39869378,,train
MOL_28473,success,-9.19187669,-8.33779249,0.8540842,,train
MOL_05398,success,-9.01555284,-8.46351904,0.55203381,,train
MOL_91048,success,-9.13081496,-8.37763559,0.75317936,,train
MOL_76853,success,-9.27126693,-8.11008743,1.16117949,,train
MOL_17838,success,-8.79623663,-8.70765581,0.08858082,,train
MOL_49142,success,-9.08186569,-8.49631349,0.5855522,,train
MOL_48377,success,-8.76395675,-8.71535034,0.04860641,,train
MOL_76852,success,-9.05206706,-8.4619196,0.59014746,,train
MOL_71469,success,-9.23040659,-8.2755411,0.95486549,,train
MOL_23108,success,-9.2329838,-8.27920548,0.95377832,,train
MOL_47494,success,-9.4668233,-7.93279523,1.53402806,,train
MOL_92940,success,-9.32088338,-8.12163336,1.19925003,,train
MOL_92747,success,-9.20087021,-8.25066326,0.95020695,,train
MOL_04474,success,-9.22138467,-8.27774624,0.94363843,,train
MOL_56019,success,-9.30955691,-8.13732409,1.17223282,,train
MOL_42355,success,-9.13891972,-8.43830786,0.70061186,,train
MOL_08995,success,-9.17717851,-8.29438594,0.88279257,,train
MOL_40195,success,-9.3252933,-8.15021693,1.17507637,,train
MOL_70403,success,-9.32589081,-8.14246502,1.18342579,,train
MOL_78075,success,-9.1685483,-8.32010226,0.84844605,,train
MOL_07378,success,-8.88318496,-8.67481098,0.20837398,,train
MOL_78539,success,-9.19342402,-8.35484401,0.83858001,,train
MOL_54876,success,-8.96426176,-8.56339738,0.40086438,,train
MOL_43848,success,-9.14422568,-8.44149043,0.70273525,,train
MOL_46398,success,-9.39060968,-8.1399312,1.25067848,,train
MOL_43700,success,-9.14734622,-8.44957273,0.69777349,,train
MOL_71483,success,-9.13091582,-8.38128331,0.74963251,,train
MOL_07242,success,-9.15060622,-8.32285048,0.82775574,,train
MOL_07918,success,-9.43352899,-7.98294969,1.4505793,,train
MOL_56801,success,-9.32580633,-8.07699082,1.24881551,,train
MOL_95448,success,-9.30206501,-8.15000955,1.15205546,,train
MOL_47252,success,-9.46861959,-7.93233758,1.53628201,,train
MOL_25929,success,-8.81089935,-8.67245051,0.13844884,,train
MOL_47594,success,-8.78253633,-8.68544719,0.09708914,,train
MOL_99340,success,-9.40767446,-7.97719494,1.43047951,,train
MOL_09616,success,-9.03763581,-8.42578906,0.61184675,,train
MOL_66913,success,-9.3554187,-8.14488942,1.21052927,,train
MOL_81640,success,-9.38243681,-8.05649808,1.32593873,,train
MOL_02971,success,-9.26693982,-8.17758821,1.08935161,,train
MOL_88254,success,-8.97247834,-8.52497424,0.4475041,,train
MOL_94547,success,-9.07503581,-8.47760895,0.59742686,,train
MOL_04324,success,-9.14144922,-8.39796121,0.74348802,,train
MOL_14797,success,-9.15281726,-8.32923297,0.82358429,,train
MOL_08080,success,-9.21298821,-8.25239517,0.96059305,,train
MOL_73721,success,-9.09640103,-8.38708633,0.7093147,,train
MOL_73161,success,-9.11946867,-8.45126631,0.66820236,,train
MOL_40334,success,-9.11483356,-8.43533367,0.67949989,,train
MOL_23058,success,-9.32236808,-8.13001229,1.19235579,,train
MOL_59850,success,-9.24668175,-8.2631057,0.98357606,,train
MOL_92440,success,-8.95133827,-8.52673538,0.42460289,,train
MOL_19334,success,-9.27374121,-8.23257631,1.0411649,,train
MOL_45958,success,-9.38375242,-8.0945522,1.28920022,,train
MOL_51315,success,-9.35181804,-8.12670585,1.22511219,,train
MOL_41113,success,-9.16866914,-8.30070404,0.8679651,,train
MOL_14802,success,-9.24172304,-8.16108409,1.08063895,,train
MOL_03672,success,-9.16491306,-8.32196266,0.84295039,,train
MOL_29624,success,-9.07905163,-8.46035756,0.61869407,,train
MOL_54297,success,-9.47440827,-8.00486444,1.46954383,,train
MOL_51996,success,-8.82860929,-8.62681563,0.20179367,,train
MOL_01782,success,-9.03203274,-8.49455926,0.53747348,,train
MOL_29854,success,-9.31903823,-8.15331215,1.16572609,,train
MOL_32485,success,-9.16193779,-8.35199912,0.80993867,,train
MOL_22653,success,-9.3600998,-8.10205889,1.25804091,,train
MOL_41963,success,-8.98274967,-8.50744246,0.47530721,,train
MOL_93250,success,-9.09366114,-8.36910778,0.72455336,,train
MOL_05848,success,-8.98025026,-8.43610655,0.54414371,,train
MOL_71844,success,-8.99236289,-8.52442137,0.46794152,,train
MOL_35010,success,-9.31331042,-8.20580734,1.10750308,,train
MOL_44467,success,-9.07451207,-8.39037664,0.68413543,,train
MOL_03196,success,-8.96748867,-8.50587628,0.46161239,,train
MOL_70614,success,-8.93493862,-8.56907469,0.36586393,,train
MOL_30280,success,-9.05798396,-8.43729639,0.62068757,,train
MOL_50670,success,-9.23422255,-8.2214158,1.01280675,,train
MOL_28840,success,-9.36510945,-8.112389,1.25272045,,train
MOL_88315,success,-9.24124155,-8.21392428,1.02731727,,train
MOL_34644,success,-9.40086158,-8.11353256,1.28732902,,train
MOL_48944,success,-9.44561226,-7.96862099,1.47699127,,train
MOL_13215,success,-9.36844216,-8.11346259,1.25497958,,train
MOL_39650,success,-8.76381104,-8.72722383,0.03658721,,train
MOL_51973,success,-9.02212129,-8.46852399,0.5535973,,train
MOL_44537,success,-9.19975139,-8.33373106,0.86602032,,train
MOL_65317,success,-8.91462209,-8.5734534,0.34116869,,train
MOL_60598,success,-9.28104929,-8.20950211,1.07154718,,train
MOL_95047,success,-8.87340516,-8.69174721,0.18165795,,train
MOL_97530,success,-9.20910697,-8.16354506,1.04556192,,train
MOL_66996,success,-8.97854602,-8.56287234,0.41567368,,train
MOL_01028,success,-9.54902642,-7.87745199,1.67157443,,train
MOL_30832,success,-9.26773203,-8.22882247,1.03890956,,train
MOL_04953,success,-9.17469291,-8.41754398,0.75714893,,train
MOL_82948,success,-9.30656355,-8.20788434,1.09867921,,train
MOL_83194,success,-9.34811061,-8.13039983,1.21771077,,train
MOL_99241,success,-9.2290662,-8.24094711,0.98811909,,train
MOL_53744,success,-9.22554651,-8.31877199,0.90677452,,train
MOL_17395,success,-9.15536176,-8.29155651,0.86380525,,train
MOL_10440,success,-9.35921961,-8.06329174,1.29592788,,train
MOL_36902,success,-8.96750136,-8.53870427,0.42879709,,train
MOL_43687,success,-9.18328534,-8.31691516,0.86637019,,train
MOL_36774,success,-8.91469975,-8.62908615,0.2856136,,train
MOL_03146,success,-9.43870591,-7.95778994,1.48091597,,train
MOL_00857,success,-9.49219182,-7.95933723,1.53285459,,train
MOL_93599,success,-9.32874803,-8.0725937,1.25615432,,train
MOL_15879,success,-9.14786922,-8.39515505,0.75271417,,train
MOL_20164,success,-9.3431056,-8.13322123,1.20988437,,train
MOL_85952,success,-9.17835133,-8.36753302,0.81081831,,train
MOL_19075,success,-9.01510401,-8.5513783,0.46372571,,train
MOL_10445,success,-9.04852722,-8.41494521,0.63358201,,train
MOL_78166,success,-9.34537596,-8.03998594,1.30539001,,train
MOL_81994,success,-9.35633466,-8.08365708,1.27267758,,train
MOL_88408,success,-9.03160249,-8.46128303,0.57031945,,train
MOL_12438,success,-9.02045358,-8.46470489,0.55574868,,train
MOL_46138,success,-9.06791405,-8.36932771,0.69858634,,train
MOL_47721,success,-9.22837433,-8.30209268,0.92628164,,train
MOL_75735,success,-9.36490044,-8.09384198,1.27105846,,train
MOL_19647,success,-9.06478934,-8.42530239,0.63948695,,train
MOL_61112,success,-8.98052672,-8.57493374,0.40559298,,train
MOL_23388,success,-9.47590273,-7.91352604,1.56237669,,train
MOL_56826,success,-9.18295994,-8.23159456,0.95136539,,train
MOL_06403,success,-9.25870434,-8.2051254,1.05357895,,train
MOL_60382,success,-9.53061709,-7.87777425,1.65284285,,train
MOL_41972,success,-8.81033455,-8.74665478,0.06367977,,train
MOL_41402,success,-9.05843935,-8.47186618,0.58657317,,train
MOL_86519,success,-9.32903623,-8.161217,1.16781923,,train
MOL_35659,success,-9.58125998,-7.81121787,1.77004211,,train
MOL_27334,success,-9.05397124,-8.37949348,0.67447776,,train
MOL_07121,success,-9.38386156,-8.14004945,1.24381211,,train
MOL_99666,success,-8.80574899,-8.75266449,0.0530845,,train
MOL_49336,success,-9.14457671,-8.351948,0.7926287,,train
MOL_82731,success,-8.77030793,-8.75775295,0.01255498,,train
MOL_31085,success,-8.97755037,-8.50205804,0.47549233,,train
MOL_05190,success,-9.21034421,-8.32447124,0.88587296,,train
MOL_45229,success,-8.80179769,-8.7083035,0.09349418,,train
MOL_01396,success,-8.92562752,-8.59264345,0.33298407,,train
MOL_05466,success,-9.36665174,-8.09990918,1.26674256,,train
MOL_24772,success,-9.49362348,-7.98841781,1.50520567,,train
MOL_31915,success,-9.41956423,-8.05416897,1.36539525,,train
MOL_76674,success,-9.09591773,-8.4069388,0.68897892,,train
MOL_80257,success,-9.08697178,-8.46030607,0.62666571,,train
MOL_30919,success,-8.96776851,-8.5840165,0.383752,,train
MOL_32227,success,-9.16061216,-8.37129377,0.78931839,,train
MOL_25562,success,-9.17421293,-8.36212312,0.81208981,,train
MOL_64453,success,-9.23804852,-8.24650733,0.99154118,,train
MOL_37467,success,-9.34253816,-8.12122612,1.22131204,,train
MOL_88332,success,-9.0513872,-8.46795566,0.58343154,,train
MOL_55367,success,-8.81772002,-8.76754656,0.05017346,,train
MOL_01073,success,-9.10836328,-8.4271969,0.68116638,,train
MOL_88143,success,-9.16778913,-8.30867968,0.85910945,,train
MOL_76060,success,-9.30978583,-8.21962809,1.09015774,,train
MOL_18524,success,-9.3433236,-8.11163921,1.23168439,,train
MOL_62097,success,-9.44267895,-7.98781305,1.4548659,,train
MOL_72046,success,-8.86848806,-8.59430564,0.27418242,,train
MOL_31145,success,-9.18714951,-8.31736718,0.86978232,,train
MOL_41940,success,-9.11284968,-8.41126279,0.70158689,,train
MOL_38439,success,-9.00953837,-8.48476024,0.52477813,,train
MOL_22657,success,-8.73732243,-8.72916276,0.00815967,,train
MOL_61920,success,-9.28336213,-8.24139172,1.04197041,,train
MOL_00085,success,-9.29359514,-8.22270131,1.07089383,,train
MOL_96677,success,-8.96076054,-8.48276015,0.47800039,,train
MOL_10961,success,-9.27609186,-8.20569289,1.07039898,,train
MOL_32893,success,-9.05841448,-8.43495296,0.62346151,,train
MOL_26789,success,-8.86202266,-8.5928627,0.26915997,,train
MOL_41466,success,-9.13389497,-8.41632566,0.71756931,,train
MOL_12569,success,-9.26745426,-8.20084756,1.06660671,,train
MOL_48130,success,-8.80893071,-8.6955572,0.11337351,,train
MOL_04671,success,-9.39433784,-8.09587668,1.29846115,,train
MOL_04390,success,-9.30253394,-8.18706703,1.11546691,,train
MOL_59162,success,-9.37532981,-8.104033,1.2712968,,train
MOL_68369,success,-9.52041551,-7.93781978,1.58259573,,train
MOL_38795,success,-8.92736268,-8.49674503,0.43061765,,train
MOL_91942,success,-9.23603995,-8.24719392,0.98884603,,train
MOL_20800,success,-9.03728861,-8.41359364,0.62369497,,train
MOL_54671,success,-8.81377399,-8.72183831,0.09193568,,train
MOL_93883,success,-8.84160275,-8.74483202,0.09677074,,train
MOL_67819,success,-9.430634,-8.09711677,1.33351723,,train
MOL_67946,success,-9.48748484,-7.94406901,1.54341584,,train
MOL_63183,success,-8.79724964,-8.70378741,0.09346223,,train
MOL_34024,success,-9.06495144,-8.46351022,0.60144122,,train
MOL_26150,success,-9.13109154,-8.30979758,0.82129396,,train
MOL_30224,success,-9.20092758,-8.25238577,0.94854181,,train
MOL_52094,success,-9.41609082,-8.03887174,1.37721908,,train
MOL_84924,success,-9.09370349,-8.48617968,0.60752381,,train
MOL_66470,success,-9.09206371,-8.42552436,0.66653935,,train
MOL_68733,success,-9.21647553,-8.28327433,0.9332012,,train
MOL_21321,success,-9.29558341,-8.21735272,1.07823069,,train
MOL_92675,success,-9.0757305,-8.37310257,0.70262793,,train
MOL_22448,success,-9.00280275,-8.50234986,0.5004529,,train
MOL_96073,success,-9.06466162,-8.4049276,0.65973402,,train
MOL_79630,success,-9.27257223,-8.22435517,1.04821707,,train
MOL_51179,success,-8.92357494,-8.5654526,0.35812234,,train
MOL_25579,success,-8.94070847,-8.59096748,0.34974099,,train
MOL_02333,success,-8.92054794,-8.57681683,0.34373111,,train
MOL_49673,success,-9.35562118,-8.03963664,1.31598454,,train
MOL_27671,success,-8.82957124,-8.66373506,0.16583619,,train
MOL_74231,success,-9.3178995,-8.17678816,1.14111133,,train
MOL_91578,success,-9.11507035,-8.37885779,0.73621256,,train
MOL_34617,success,-9.18605456,-8.3293079,0.85674666,,train
MOL_84782,success,-9.14706707,-8.37306242,0.77400465,,train
MOL_22312,success,-8.95644913,-8.54216559,0.41428354,,train
MOL_68898,success,-9.19574114,-8.30450268,0.89123846,,train
MOL_12509,success,-9.14764223,-8.33955153,0.8080907,,train
MOL_13416,success,-9.12811499,-8.30761631,0.82049868,,train
MOL_92781,success,-9.2058051,-8.34398637,0.86181873,,train
MOL_34805,success,-9.25165373,-8.25868385,0.99296988,,train
MOL_38324,success,-9.25957696,-8.20845852,1.05111844,,train
MOL_99098,success,-8.9893583,-8.46704718,0.52231112,,train
MOL_18039,success,-8.98438215,-8.47758427,0.50679788,,train
MOL_74772,success,-8.80796099,-8.70051153,0.10744946,,train
MOL_38000,success,-9.11112358,-8.35214593,0.75897765,,train
MOL_52223,success,-9.33857075,-8.16418785,1.1743829,,train
MOL_11159,success,-9.25525293,-8.22262552,1.03262742,,train
MOL_34340,success,-9.31884083,-8.16040558,1.15843525,,train
MOL_59545,success,-9.05671225,-8.50510895,0.55160329,,train
MOL_70297,success,-9.28511648,-8.183172,1.10194448,,train
MOL_02621,success,-8.79622079,-8.7803935,0.01582728,,train
MOL_77380,success,-9.40824524,-8.08042554,1.3278197,,train
MOL_90930,success,-9.18273464,-8.36914841,0.81358622,,train
MOL_75219,success,-9.29565265,-8.18069777,1.11495488,,train
MOL_81050,success,-9.18567377,-8.3163366,0.86933718,,train
MOL_41577,success,-9.53802697,-7.91970513,1.61832184,,train
MOL_95218,success,-9.23174301,-8.18904537,1.04269764,,train
MOL_75514,success,-9.27204989,-8.23535757,1.03669231,,train
MOL_74224,success,-9.29172739,-8.21889694,1.07283045,,train
MOL_85354,success,-8.89229346,-8.62228456,0.2700089,,train
MOL_86357,success,-8.92885632,-8.63416112,0.2946952,,train
MOL_68851,success,-9.24818397,-8.20846165,1.03972233,,train
MOL_07469,success,-8.97174116,-8.53674626,0.4349949,,train
MOL_72185,success,-8.72983381,-8.719409,0.01042481,,train
MOL_66595,success,-9.25421061,-8.30442277,0.94978783,,train
MOL_09384,success,-8.97331228,-8.57471707,0.3985952,,train
MOL_30462,success,-8.81132007,-8.67398504,0.13733503,,train
MOL_75778,success,-8.94934386,-8.56267411,0.38666975,,train
MOL_31565,success,-9.18943065,-8.33835523,0.85107542,,train
MOL_46949,success,-9.38644787,-8.09301494,1.29343293,,train
MOL_99069,success,-9.261528,-8.12620007,1.13532792,,train
MOL_29850,success,-9.37885394,-8.14285328,1.23600066,,train
MOL_63655,success,-8.99176751,-8.51739078,0.47437673,,train
MOL_66153,success,-9.41136659,-8.06851919,1.3428474,,train
MOL_51429,success,-9.14900454,-8.32375692,0.82524761,,train
MOL_41672,success,-9.2115526,-8.30367641,0.9078762,,train
MOL_32476,success,-9.2062642,-8.2963706,0.9098936,,train
MOL_73611,success,-9.43739819,-8.08471741,1.35268078,,train
MOL_62458,success,-9.22156608,-8.32018219,0.90138389,,train
MOL_15812,success,-9.33008981,-8.23170517,1.09838464,,train
MOL_01946,success,-9.25022166,-8.23100952,1.01921214,,train
MOL_53792,success,-9.19704228,-8.28951688,0.9075254,,train
MOL_58923,success,-9.03176783,-8.49718819,0.53457965,,train
MOL_67900,success,-9.41779667,-8.00951516,1.40828152,,train
MOL_93548,success,-9.2478821,-8.24166464,1.00621745,,train
MOL_72862,success,-9.29169257,-8.14552484,1.14616773,,train
MOL_86063,success,-9.13292215,-8.38228015,0.750642,,train
MOL_60486,success,-8.7990731,-8.69504275,0.10403035,,train
MOL_53493,success,-9.66488594,-7.73382312,1.93106282,,train
MOL_76879,success,-9.27543327,-8.24320923,1.03222404,,train
MOL_84595,success,-9.19168004,-8.26720973,0.92447031,,train
MOL_72230,success,-8.95698121,-8.52953975,0.42744146,,train
MOL_26714,success,-9.08838962,-8.3832923,0.70509732,,train
MOL_72703,success,-9.18502195,-8.30090499,0.88411696,,train
MOL_41913,success,-9.46635562,-8.07500204,1.39135358,,train
MOL_59580,success,-9.47135778,-8.00693359,1.46442419,,train
MOL_67180,success,-8.82610206,-8.59792085,0.22818121,,train
MOL_52926,success,-9.30444058,-8.18731674,1.11712384,,train
MOL_55567,success,-8.82547269,-8.70764492,0.11782777,,train
MOL_57969,success,-9.21448696,-8.25139366,0.9630933,,train
MOL_99480,success,-9.29211712,-8.13689964,1.15521748,,train
MOL_52935,success,-9.39162507,-7.98931869,1.40230638,,train
MOL_94325,success,-9.45596318,-7.98593535,1.47002783,,train
MOL_53153,success,-9.33437739,-8.1396795,1.19469788,,train
MOL_55483,success,-9.4754616,-7.97613132,1.49933029,,train
MOL_07443,success,-9.20387211,-8.3101481,0.89372401,,train
MOL_94478,success,-9.29120533,-8.24968796,1.04151736,,train
MOL_01394,success,-9.33622107,-8.06781288,1.26840819,,train
MOL_09871,success,-9.17088635,-8.31261763,0.85826873,,train
MOL_65663,success,-9.27316686,-8.24902364,1.02414322,,train
MOL_66353,success,-9.1313821,-8.29333936,0.83804275,,train
MOL_27554,success,-9.48267044,-7.99631103,1.48635941,,train
MOL_10510,success,-9.30007845,-8.18309929,1.11697916,,train
MOL_87121,success,-9.06161347,-8.5100332,0.55158027,,train
MOL_26145,success,-9.21533696,-8.301723,0.91361396,,train
MOL_68130,success,-9.04743993,-8.42690492,0.62053501,,train
MOL_22873,success,-9.53023041,-7.86899571,1.6612347,,train
MOL_52871,success,-9.12757009,-8.41577446,0.71179563,,train
MOL_87193,success,-9.12670694,-8.43679199,0.68991495,,train
MOL_11428,success,-9.00373348,-8.52471747,0.47901602,,train
MOL_41018,success,-9.46343048,-7.99375654,1.46967394,,train
MOL_71325,success,-9.10080342,-8.41387369,0.68692973,,train
MOL_15066,success,-9.0718676,-8.33054461,0.74132299,,train
MOL_60836,success,-9.03511765,-8.41368984,0.62142782,,train
MOL_65842,success,-9.32717086,-8.08223863,1.24493222,,train
MOL_77988,success,-9.21096073,-8.27981867,0.93114206,,train
MOL_51142,success,-8.83146601,-8.66439316,0.16707284,,train
MOL_12553,success,-9.21946942,-8.27450121,0.9449682,,train
MOL_05363,success,-9.35502871,-8.0552893,1.29973941,,train
MOL_72571,success,-8.98993252,-8.52207795,0.46785457,,train
MOL_86018,success,-9.40180475,-8.09334566,1.30845909,,train
MOL_26041,success,-9.12326481,-8.38896614,0.73429867,,train
MOL_13183,success,-8.76123385,-8.73981455,0.02141931,,train
MOL_99763,success,-9.2601582,-8.18092775,1.07923046,,train
MOL_63271,success,-8.83755477,-8.66697533,0.17057944,,train
MOL_46530,success,-9.20109615,-8.38598731,0.81510884,,train
MOL_50278,success,-9.13474737,-8.37136418,0.76338319,,train
MOL_58271,success,-8.81883542,-8.67342104,0.14541438,,train
MOL_47613,success,-9.20879997,-8.17112803,1.03767194,,train
MOL_98924,success,-9.25252436,-8.28048285,0.97204151,,train
MOL_14718,success,-9.16708476,-8.35478768,0.81229708,,train
MOL_24506,success,-9.16872892,-8.3187496,0.84997932,,train
MOL_01430,success,-8.99603821,-8.53437035,0.46166786,,train
MOL_17604,success,-8.98030146,-8.50925478,0.47104669,,train
MOL_05939,success,-9.00808137,-8.52013994,0.48794143,,train
MOL_03961,success,-9.39548493,-7.99695368,1.39853125,,train
MOL_20245,success,-8.94322201,-8.61351946,0.32970255,,train
MOL_23821,success,-9.03596708,-8.42114532,0.61482176,,train
MOL_20300,success,-9.28014648,-8.26354347,1.01660301,,train
MOL_07838,success,-9.46268029,-8.00236819,1.46031211,,train
MOL_72313,success,-8.96849259,-8.57421539,0.39427719,,train
MOL_31939,success,-9.22817833,-8.35248864,0.87568969,,train
MOL_10042,success,-9.13049026,-8.37057066,0.75991959,,train
MOL_01578,success,-9.1321173,-8.40773335,0.72438395,,train
MOL_82044,success,-9.30772152,-8.17470009,1.13302142,,train
MOL_90822,success,-9.31840019,-8.15847809,1.1599221,,train
MOL_77820,success,-8.96969545,-8.48674942,0.48294604,,train
MOL_42506,success,-9.19581472,-8.32150653,0.87430818,,train
MOL_99522,success,-9.23430263,-8.32439692,0.90990571,,train
MOL_98839,success,-9.00975219,-8.39119875,0.61855344,,train
MOL_72282,success,-8.94928837,-8.58663555,0.36265282,,train
MOL_88404,success,-9.15174918,-8.3527583,0.79899088,,train
MOL_43856,success,-8.92470849,-8.60549249,0.319216,,train
MOL_40727,success,-9.20396471,-8.30084982,0.90311488,,train
MOL_63728,success,-9.18520062,-8.35408112,0.8311195,,train
MOL_17113,success,-9.25889481,-8.23705802,1.02183678,,train
MOL_12747,success,-8.98993969,-8.52962076,0.46031893,,train
MOL_13171,success,-9.22738669,-8.22349579,1.0038909,,train
MOL_05766,success,-9.47777775,-8.0336089,1.44416885,,train
MOL_27337,success,-9.15105452,-8.37373544,0.77731908,,train
MOL_87081,success,-9.18176016,-8.32654184,0.85521831,,train
MOL_30025,success,-9.38443934,-8.04796161,1.33647773,,train
MOL_04787,success,-8.90691005,-8.62842133,0.27848872,,train
MOL_91574,success,-9.18587931,-8.30533011,0.88054919,,train
MOL_53994,success,-9.28886011,-8.19253492,1.09632519,,train
MOL_90586,success,-9.38060332,-8.10886469,1.27173862,,train
MOL_11309,success,-9.30344254,-8.168691,1.13475154,,train
MOL_71140,success,-9.06785385,-8.46164213,0.60621172,,train
MOL_76228,success,-8.86838247,-8.64794999,0.22043247,,train
MOL_69693,success,-9.35086642,-8.15047318,1.20039324,,train
MOL_49886,success,-8.88461777,-8.602054,0.28256377,,train
MOL_68976,success,-8.8149897,-8.66933785,0.14565185,,train
MOL_30454,success,-8.9172775,-8.66876064,0.24851687,,train
MOL_02629,success,-8.94496292,-8.55575706,0.38920586,,train
MOL_42707,success,-9.45730489,-8.06115673,1.39614816,,train
MOL_90576,success,-9.37432,-8.10941151,1.26490849,,train
MOL_63769,success,-9.02532647,-8.53027156,0.49505492,,train
MOL_23791,success,-9.41286893,-8.06202784,1.35084109,,train
MOL_80498,success,-9.23048105,-8.22907653,1.00140452,,train
MOL_93458,success,-9.14299837,-8.33299181,0.81000656,,train
MOL_94008,success,-8.92635804,-8.6464831,0.27987493,,train
MOL_42570,success,-8.80351907,-8.67850645,0.12501262,,train
MOL_47181,success,-8.9366023,-8.52161421,0.41498809,,train
MOL_46135,success,-9.43936889,-8.07500785,1.36436104,,train
MOL_82210,success,-9.02555085,-8.528186,0.49736485,,train
MOL_73535,success,-9.29848697,-8.21434484,1.08414213,,train
MOL_84471,success,-8.83492527,-8.74708606,0.08783921,,train
MOL_35404,success,-9.44099144,-8.09726339,1.34372804,,train
MOL_31087,success,-9.39855035,-8.07245854,1.32609181,,train
MOL_50296,success,-8.90332437,-8.63182255,0.27150182,,train
MOL_79793,success,-8.99176479,-8.52754006,0.46422474,,train
MOL_20582,success,-9.13967213,-8.31058267,0.82908946,,train
MOL_18182,success,-8.89083497,-8.59526933,0.29556564,,train
MOL_72807,success,-8.83963601,-8.69726297,0.14237304,,train
MOL_96856,success,-9.50782279,-7.97290658,1.53491621,,train
MOL_33693,success,-9.22544978,-8.28131782,0.94413195,,train
MOL_70316,success,-8.966815,-8.53451119,0.43230381,,train
MOL_39898,success,-9.19137948,-8.266886,0.92449348,,train
MOL_00763,success,-9.06999762,-8.44629999,0.62369762,,train
MOL_22375,success,-9.25654884,-8.30328849,0.95326035,,train
MOL_37877,success,-9.35474419,-8.14380563,1.21093857,,train
MOL_43997,success,-8.97846107,-8.54714036,0.43132071,,train
MOL_42969,success,-8.88306194,-8.62880156,0.25426038,,train
MOL_77216,success,-9.4863956,-8.01550264,1.47089296,,train
MOL_32119,success,-9.00021164,-8.50323488,0.49697676,,train
MOL_45892,success,-9.39662365,-8.09223344,1.30439021,,train
MOL_46533,success,-8.96438224,-8.48839719,0.47598505,,train
MOL_40608,success,-9.16016261,-8.35199788,0.80816473,,train
MOL_93826,success,-8.83310753,-8.71372756,0.11937996,,train
MOL_54126,success,-9.26647728,-8.16855288,1.0979244,,train
MOL_14435,success,-9.23130777,-8.29776645,0.93354132,,train
MOL_68923,success,-9.18005551,-8.33681237,0.84324314,,train
MOL_15139,success,-9.15354892,-8.33698656,0.81656236,,train
MOL_28943,success,-9.24063938,-8.25276972,0.98786966,,train
MOL_25558,success,-8.95438287,-8.57044754,0.38393533,,train
MOL_37791,success,-9.29218308,-8.23018221,1.06200087,,train
MOL_83150,success,-9.20661418,-8.2454044,0.96120978,,train
MOL_19566,success,-8.82667332,-8.67195348,0.15471984,,train
MOL_53862,success,-9.26016793,-8.23953713,1.0206308,,train
MOL_82389,success,-9.07453723,-8.43410219,0.64043504,,train
MOL_32381,success,-9.0539246,-8.45176454,0.60216006,,train
MOL_96472,success,-9.30953179,-8.18963179,1.11989999,,train
MOL_06432,success,-9.42855089,-8.03708685,1.39146404,,train
MOL_58704,success,-8.90937982,-8.68281217,0.22656765,,train
MOL_87406,success,-9.26818405,-8.22470286,1.04348119,,train
MOL_71480,success,-9.07367033,-8.47330405,0.60036627,,train
MOL_93642,success,-8.86825448,-8.58377222,0.28448226,,train
MOL_10691,success,-8.77300456,-8.71449153,0.05851303,,train
MOL_54318,success,-8.84830055,-8.67081485,0.1774857,,train
MOL_09052,success,-9.02439985,-8.46153713,0.56286272,,train
MOL_75694,success,-9.10381462,-8.41233142,0.6914832,,train
MOL_41842,success,-9.26805414,-8.21742928,1.05062486,,train
MOL_20928,success,-8.99571402,-8.51245083,0.48326319,,train
MOL_78748,success,-8.90451842,-8.60072317,0.30379525,,train
MOL_54913,success,-9.14909351,-8.28397789,0.86511563,,train
MOL_55628,success,-9.19602177,-8.23439875,0.96162301,,train
MOL_86738,success,-9.15801674,-8.39635135,0.76166538,,train
MOL_23744,success,-8.94398775,-8.56881732,0.37517043,,train
MOL_68949,success,-9.40958847,-8.03712564,1.37246283,,train
MOL_52033,success,-9.25029993,-8.2061838,1.04411613,,train
MOL_47933,success,-9.10753032,-8.35965968,0.74787065,,train
MOL_34242,success,-9.08636819,-8.38227172,0.70409647,,train
MOL_61979,success,-9.14156137,-8.40001801,0.74154335,,train
MOL_24534,success,-9.21603646,-8.26865045,0.94738602,,train
MOL_52382,success,-9.14865542,-8.40530547,0.74334994,,train
MOL_20020,success,-9.40181712,-8.13804386,1.26377326,,train
MOL_13077,success,-9.22279506,-8.3003282,0.92246686,,train
MOL_07450,success,-9.35089518,-8.09907414,1.25182104,,train
MOL_30063,success,-9.14391445,-8.34971154,0.79420291,,train
MOL_02135,success,-9.00487383,-8.47116303,0.53371079,,train
MOL_86990,success,-8.92845067,-8.55769378,0.37075688,,train
MOL_65879,success,-9.16746916,-8.30773419,0.85973498,,train
MOL_75428,success,-9.41418298,-7.94670567,1.46747731,,train
MOL_27240,success,-9.11599252,-8.43906365,0.67692886,,train
MOL_47893,success,-9.46441003,-8.05180244,1.4126076,,train
MOL_18745,success,-9.5438247,-7.85944425,1.68438045,,train
MOL_35700,success,-9.40301895,-8.05889446,1.34412449,,train
MOL_51572,success,-9.24475604,-8.21629507,1.02846097,,train
MOL_78871,success,-8.86526162,-8.58269289,0.28256873,,train
MOL_25408,success,-9.32927896,-8.17221146,1.1570675,,train
MOL_21794,success,-9.35939072,-8.1846679,1.17472282,,train
MOL_93421,success,-9.02911132,-8.50925178,0.51985954,,train
MOL_57473,success,-8.91167447,-8.5766574,0.33501707,,train
MOL_88638,success,-9.31676139,-8.2313367,1.08542469,,train
MOL_81672,success,-9.09921824,-8.42440355,0.67481469,,train
MOL_25174,success,-9.20260664,-8.26797621,0.93463043,,train
MOL_69241,success,-8.85858259,-8.74628441,0.11229819,,train
MOL_22245,success,-9.32638729,-8.04235112,1.28403617,,train
MOL_89383,success,-9.109953,-8.39111584,0.71883716,,train
MOL_10216,success,-9.17318673,-8.35762043,0.8155663,,train
MOL_51453,success,-9.28261179,-8.16808587,1.11452592,,train
MOL_16592,success,-9.10996371,-8.36940238,0.74056134,,train
MOL_70433,success,-9.03633616,-8.42466298,0.61167318,,train
MOL_61078,success,-9.25981496,-8.15117736,1.1086376,,train
MOL_29290,success,-9.4124724,-8.11020882,1.30226358,,train
MOL_04531,success,-9.14182383,-8.34716253,0.79466131,,train
MOL_25029,success,-9.20830591,-8.28299337,0.92531254,,train
MOL_21896,success,-8.85067298,-8.66465141,0.18602157,,train
MOL_97903,success,-9.19409282,-8.34627235,0.84782047,,train
MOL_44687,success,-9.02887553,-8.49041084,0.53846469,,train
MOL_71045,success,-8.89324387,-8.66511358,0.22813029,,train
MOL_11993,success,-9.13191388,-8.39269019,0.73922369,,train
MOL_83748,success,-9.54232725,-7.83197655,1.7103507,,train
MOL_07770,success,-9.18088959,-8.32241174,0.85847785,,train
MOL_35711,success,-9.42612294,-7.97288834,1.4532346,,train
MOL_67343,success,-9.17872316,-8.30213187,0.87659129,,train
MOL_44251,success,-9.4568061,-8.02610028,1.43070582,,train
MOL_97874,success,-9.33631993,-8.15255338,1.18376656,,train
MOL_90574,success,-9.27601925,-8.17656687,1.09945238,,train
MOL_47415,success,-9.13382008,-8.30234933,0.83147075,,train
MOL_61382,success,-8.99915356,-8.43650074,0.56265281,,train
MOL_22007,success,-9.19745324,-8.348972,0.84848124,,train
MOL_09079,success,-9.09011181,-8.41751687,0.67259495,,train
MOL_88653,success,-9.39383713,-8.1262569,1.26758023,,train
MOL_18926,success,-9.33529002,-8.16354755,1.17174247,,train
MOL_95334,success,-8.86061827,-8.59576041,0.26485786,,train
MOL_72508,success,-8.84000882,-8.69010109,0.14990773,,train
MOL_37787,success,-9.34508465,-8.1404958,1.20458885,,train
MOL_86936,success,-9.12581767,-8.37830122,0.74751645,,train
MOL_54883,success,-9.0073073,-8.49274107,0.51456623,,train
MOL_71394,success,-9.09522599,-8.38516371,0.71006227,,train
MOL_81002,success,-9.24125792,-8.21321064,1.02804728,,train
MOL_17968,success,-9.141526,-8.3366817,0.80484429,,train
MOL_75631,success,-9.15633147,-8.31040134,0.84593014,,train
MOL_60940,success,-8.99817844,-8.48589358,0.51228485,,train
MOL_23496,success,-8.80364815,-8.68455175,0.1190964,,train
MOL_38921,success,-9.09388844,-8.40170108,0.69218735,,train
MOL_56419,success,-9.20534534,-8.27635345,0.92899189,,train
MOL_55497,success,-9.36365214,-8.09296962,1.27068252,,train
MOL_87117,success,-9.38633668,-8.13391807,1.25241861,,train
MOL_73646,success,-9.49628984,-7.9250965,1.57119334,,train
MOL_51700,success,-9.27295255,-8.19739299,1.07555956,,train
MOL_28338,success,-9.05243836,-8.52066754,0.53177082,,train
MOL_83876,success,-8.96756294,-8.48234253,0.48522041,,train
MOL_75415,success,-8.93554952,-8.53336613,0.40218338,,train
MOL_23339,success,-9.25779775,-8.24725531,1.01054244,,train
MOL_10269,success,-9.24364851,-8.28503849,0.95861002,,train
MOL_47306,success,-9.17100178,-8.31849219,0.85250959,,train
MOL_53211,success,-9.22974545,-8.23293906,0.99680639,,train
MOL_75379,success,-8.86616777,-8.62747867,0.2386891,,train
MOL_33833,success,-9.14825613,-8.38332414,0.76493199,,train
MOL_97551,success,-9.19014993,-8.32437898,0.86577096,,train
MOL_69067,success,-9.08235252,-8.41224481,0.67010771,,train
MOL_85660,success,-8.83587802,-8.70466825,0.13120977,,train
MOL_08404,success,-9.10299826,-8.3923071,0.71069116,,train
MOL_75093,success,-9.30241349,-8.1881934,1.1142201,,train
MOL_48746,success,-9.17980116,-8.31724238,0.86255878,,train
MOL_61699,success,-9.06908688,-8.46283849,0.60624839,,train
MOL_72013,success,-8.96942569,-8.56069749,0.4087282,,train
MOL_40383,success,-9.15223983,-8.25436543,0.8978744,,train
MOL_52612,success,-9.21965117,-8.22055041,0.99910076,,train
MOL_67261,success,-9.21955117,-8.28009563,0.93945554,,train
MOL_69294,success,-9.29116755,-8.1895652,1.10160234,,train
MOL_02262,success,-9.35075576,-8.15528521,1.19547055,,train
MOL_27047,success,-9.43451688,-7.99834299,1.43617389,,train
MOL_69212,success,-9.00602663,-8.48265176,0.52337487,,train
MOL_05923,success,-8.92470005,-8.6196332,0.30506685,,train
MOL_52663,success,-9.23944989,-8.2865612,0.95288869,,train
MOL_43116,success,-9.27242875,-8.19082452,1.08160423,,train
MOL_58708,success,-9.09348844,-8.38045803,0.71303041,,train
MOL_67249,success,-9.00750614,-8.47213869,0.53536745,,train
MOL_31097,success,-9.44483747,-8.02973381,1.41510366,,train
MOL_28161,success,-9.51945277,-7.89971348,1.61973929,,train
MOL_74553,success,-9.22634435,-8.22281626,1.00352809,,train
MOL_76585,success,-9.23060528,-8.24847381,0.98213146,,train
MOL_93333,success,-9.28399175,-8.15348116,1.1305106,,train
MOL_79685,success,-9.03377157,-8.4782579,0.55551366,,train
MOL_51081,success,-9.31977656,-8.19940722,1.12036934,,train
MOL_55296,success,-9.24181329,-8.21641566,1.02539763,,train
MOL_03202,success,-9.18400146,-8.32618183,0.85781963,,train
MOL_70633,success,-8.77715026,-8.71561353,0.06153673,,train
MOL_68155,success,-9.08752527,-8.42408852,0.66343675,,train
MOL_90114,success,-9.26032922,-8.18244978,1.07787944,,train
MOL_91554,success,-9.08428529,-8.3360695,0.74821579,,train
MOL_08254,success,-8.94117764,-8.60136102,0.33981662,,train
MOL_33729,success,-9.20857566,-8.31157598,0.89699968,,train
MOL_92178,success,-9.3744551,-8.10063896,1.27381614,,train
MOL_14423,success,-9.13169945,-8.43067864,0.70102082,,train
MOL_40019,success,-9.34289086,-8.16387356,1.1790173,,train
MOL_29471,success,-9.25997428,-8.22049384,1.03948043,,train
MOL_95614,success,-9.18751002,-8.30217117,0.88533885,,train
MOL_97214,success,-9.47319312,-7.94266725,1.53052587,,train
MOL_36945,success,-9.33440246,-8.14361564,1.19078682,,train
MOL_09763,success,-9.22169421,-8.30465142,0.91704279,,train
MOL_21359,success,-9.23372775,-8.26639767,0.96733008,,train
MOL_18443,success,-9.30328411,-8.18489728,1.11838684,,train
MOL_93632,success,-9.12875141,-8.40310306,0.72564835,,train
MOL_45243,success,-9.38777262,-7.99998282,1.38778981,,train
MOL_23093,success,-9.20646977,-8.23751776,0.96895202,,train
MOL_12774,success,-9.05452473,-8.52069937,0.53382536,,train
MOL_88450,success,-9.22618392,-8.26062756,0.96555635,,train
MOL_71237,success,-9.43801331,-7.99144269,1.44657062,,train
MOL_38421,success,-9.02620997,-8.39212793,0.63408204,,train
MOL_25525,success,-9.29889028,-8.02715213,1.27173815,,train
MOL_90835,success,-9.18422976,-8.36188037,0.82234939,,train
MOL_23052,success,-9.32713313,-8.13964585,1.18748728,,train
MOL_58200,success,-9.22531646,-8.24399671,0.98131975,,train
MOL_13554,success,-8.87209613,-8.60669428,0.26540185,,train
MOL_75188,success,-9.28227672,-8.2228422,1.05943452,,train
MOL_36820,success,-9.08853322,-8.42454961,0.66398361,,train
MOL_56967,success,-9.21243538,-8.29507157,0.9173638,,train
MOL_72759,success,-9.3394953,-8.12502757,1.21446773,,train
MOL_01674,success,-9.21792665,-8.26825461,0.94967204,,train
MOL_27928,success,-8.81651127,-8.70988861,0.10662266,,train
MOL_22145,success,-8.92660316,-8.54074387,0.38585929,,train
MOL_01709,success,-9.45161548,-8.00221553,1.44939996,,train
MOL_03273,success,-9.43904137,-8.04314566,1.39589571,,train
MOL_04574,success,-9.47117538,-7.94121002,1.52996537,,train
MOL_83067,success,-9.05469359,-8.45287716,0.60181643,,train
MOL_53777,success,-9.17573251,-8.30599865,0.86973386,,train
MOL_64699,success,-8.83831604,-8.71507018,0.12324586,,train
MOL_98170,success,-9.0749276,-8.48487647,0.59005113,,train
MOL_50869,success,-9.49193482,-7.98777545,1.50415937,,train
MOL_37285,success,-9.20599974,-8.25089577,0.95510397,,train
MOL_21682,success,-9.09474257,-8.45696682,0.63777575,,train
MOL_72343,success,-9.31848147,-8.11875188,1.19972959,,train
MOL_13029,success,-9.31642568,-8.19200985,1.12441582,,train
MOL_52264,success,-9.37136806,-8.02695,1.34441807,,train
MOL_85926,success,-9.1682264,-8.34288897,0.82533743,,train
MOL_61510,success,-8.91511079,-8.63214101,0.28296978,,train
MOL_26413,success,-9.30719182,-8.18393414,1.12325768,,train
MOL_47815,success,-9.00499335,-8.55318738,0.45180597,,train
MOL_69120,success,-8.9410976,-8.55829737,0.38280023,,train
MOL_38258,success,-9.29043832,-8.18297363,1.10746469,,train
MOL_44829,success,-9.00084051,-8.50041857,0.50042193,,train
MOL_51047,success,-9.30125947,-8.11260218,1.18865729,,train
MOL_88921,success,-9.14802451,-8.35003149,0.79799301,,train
MOL_40544,success,-9.22505358,-8.25760842,0.96744516,,train
MOL_75697,success,-8.87542965,-8.65521636,0.2202133,,train
MOL_91326,success,-9.10755233,-8.35641463,0.7511377,,train
MOL_65668,success,-9.14451905,-8.34216976,0.80234929,,train
MOL_36124,success,-9.45064518,-8.07792556,1.37271963,,train
MOL_46655,success,-9.20263365,-8.27544623,0.92718742,,train
MOL_86462,success,-8.91235066,-8.64066471,0.27168596,,train
MOL_71781,success,-8.85892808,-8.71901393,0.13991416,,train
MOL_52721,success,-9.23453332,-8.18207395,1.05245937,,train
MOL_91732,success,-8.99819124,-8.52435405,0.47383719,,train
MOL_20152,success,-9.04928894,-8.51781129,0.53147765,,train
MOL_70002,success,-9.25009243,-8.24619439,1.00389804,,train
MOL_30409,success,-9.28802633,-8.18846211,1.09956422,,train
MOL_45810,success,-9.1560728,-8.30324197,0.85283083,,train
MOL_81956,success,-8.87153258,-8.61867739,0.25285519,,train
MOL_25895,success,-9.14251842,-8.32401705,0.81850137,,train
MOL_86750,success,-9.02320683,-8.48527872,0.53792811,,train
MOL_52690,success,-8.95883917,-8.50597787,0.4528613,,train
MOL_76552,success,-9.17483605,-8.34172365,0.83311239,,train
MOL_16073,success,-9.02829426,-8.43059624,0.59769802,,train
MOL_66331,success,-9.02914526,-8.44884072,0.58030454,,train
MOL_98165,success,-9.18502619,-8.30200841,0.88301777,,train
MOL_17450,success,-9.12353326,-8.3894961,0.73403715,,train
MOL_32725,success,-9.38002613,-8.04578355,1.33424259,,train
MOL_68175,success,-9.1582694,-8.39733364,0.76093577,,train
MOL_12497,success,-9.2625276,-8.1353678,1.1271598,,train
MOL_61183,success,-9.08477683,-8.3952741,0.68950273,,train
MOL_93354,success,-8.84205666,-8.68491132,0.15714534,,train
MOL_23536,success,-9.16957969,-8.29195416,0.87762553,,train
MOL_95356,success,-9.20415317,-8.25577046,0.94838271,,train
MOL_81714,success,-8.97156656,-8.49747348,0.47409308,,train
MOL_86610,success,-9.27186819,-8.19875875,1.07310944,,train
MOL_02821,success,-9.32205645,-8.14026152,1.18179493,,train
MOL_49483,success,-9.44484895,-8.07587152,1.36897743,,train
MOL_56960,success,-9.04601671,-8.49097395,0.55504276,,train
MOL_39695,success,-9.03330887,-8.46645437,0.5668545,,train
MOL_56388,success,-9.1657205,-8.31102595,0.85469456,,train
MOL_67380,success,-9.2961789,-8.15855527,1.13762363,,train
MOL_24048,success,-9.35040474,-8.18564464,1.1647601,,train
MOL_05964,success,-9.25163343,-8.21118234,1.04045109,,train
MOL_48487,success,-8.76488212,-8.71513836,0.04974377,,train
MOL_92487,success,-9.26586939,-8.15139879,1.1144706,,train
MOL_36819,success,-9.08459944,-8.48858909,0.59601035,,train
MOL_61541,success,-9.47759927,-7.97342348,1.50417579,,train
MOL_56251,success,-9.17197446,-8.31253231,0.85944215,,train
MOL_35842,success,-9.29938086,-8.23245518,1.06692568,,train
MOL_98480,success,-9.32016207,-8.17634457,1.1438175,,train
MOL_87131,success,-9.11090755,-8.38202963,0.72887792,,train
MOL_20749,success,-9.00527363,-8.56870434,0.43656929,,train
MOL_71282,success,-8.95107492,-8.61094808,0.34012684,,train
MOL_12729,success,-9.3558724,-8.17708441,1.17878799,,train
MOL_50352,success,-9.37432234,-8.15733436,1.21698798,,train
MOL_40064,success,-8.89960755,-8.6710512,0.22855635,,train
MOL_26779,success,-9.20385081,-8.26446541,0.9393854,,train
MOL_88449,success,-9.33067645,-8.15741623,1.17326022,,train
MOL_97568,success,-9.16830307,-8.26293155,0.90537152,,train
MOL_49982,success,-9.03655423,-8.50559303,0.5309612,,train
MOL_75044,success,-9.19409304,-8.29157848,0.90251455,,train
MOL_83025,success,-9.04643902,-8.44410336,0.60233566,,train
MOL_32666,success,-9.33464396,-8.13510584,1.19953812,,train
MOL_41281,success,-8.93970002,-8.57506201,0.36463801,,train
MOL_57743,success,-9.325198,-8.03643535,1.28876265,,train
MOL_90868,success,-9.45542433,-7.99119954,1.46422479,,train
MOL_01395,success,-9.18803425,-8.37289831,0.81513594,,train
MOL_90270,success,-9.26492916,-8.24737842,1.01755074,,train
MOL_43262,success,-9.14619842,-8.38216237,0.76403606,,train
MOL_70965,success,-9.14616669,-8.37026551,0.77590118,,train
MOL_44231,success,-9.33951173,-8.06551037,1.27400136,,train
MOL_22332,success,-9.15748597,-8.33021234,0.82727364,,train
MOL_49986,success,-8.83333327,-8.63495628,0.19837699,,train
MOL_66060,success,-8.88541222,-8.66480395,0.22060827,,train
MOL_87376,success,-9.38490327,-8.05382115,1.33108213,,train
MOL_52262,success,-9.14593003,-8.38480499,0.76112504,,train
MOL_34156,success,-9.41707018,-8.06376872,1.35330146,,train
MOL_98335,success,-8.83162423,-8.67708253,0.15454171,,train
MOL_92343,success,-9.37101127,-8.05198083,1.31903044,,train
MOL_89260,success,-9.23645615,-8.2915964,0.94485974,,train
MOL_48820,success,-9.15755548,-8.36205082,0.79550466,,train
MOL_38507,success,-9.28987638,-8.13359776,1.15627862,,train
MOL_42976,success,-8.98117242,-8.50261535,0.47855707,,train
MOL_44839,success,-9.23170502,-8.19278934,1.03891568,,train
MOL_95773,success,-8.76450818,-8.74226029,0.02224788,,train
MOL_23773,success,-8.81707626,-8.6718562,0.14522005,,train
MOL_41330,success,-9.43958325,-7.98875237,1.45083089,,train
MOL_87101,success,-9.01251312,-8.54006694,0.47244619,,train
MOL_15428,success,-9.40295846,-8.06502914,1.33792932,,train
MOL_88662,success,-9.31711998,-8.10012006,1.21699993,,train
MOL_80021,success,-8.97903513,-8.50233238,0.47670275,,train
MOL_43998,success,-9.00517462,-8.52314965,0.48202498,,train
MOL_51762,success,-9.1012481,-8.31200467,0.78924343,,train
MOL_25884,success,-9.22857648,-8.28160775,0.94696873,,train
MOL_36441,success,-9.16768443,-8.29298825,0.87469618,,train
MOL_98341,success,-9.31453423,-8.21609228,1.09844195,,train
MOL_79078,success,-9.15975944,-8.36208277,0.79767667,,train
MOL_94636,success,-9.04497539,-8.43869308,0.60628231,,train
MOL_91580,success,-8.99311316,-8.59846004,0.39465311,,train
MOL_57823,success,-9.1876159,-8.28744473,0.90017117,,train
MOL_60722,success,-9.23991101,-8.22892628,1.01098473,,train
MOL_39085,success,-9.1515766,-8.35981466,0.79176195,,train
MOL_31282,success,-9.24673788,-8.17947294,1.06726494,,train
MOL_23185,success,-9.13243235,-8.28841089,0.84402147,,train
MOL_43643,success,-9.38391605,-8.08380878,1.30010727,,train
MOL_13013,success,-9.33480391,-8.11608006,1.21872384,,train
MOL_05849,success,-9.31806045,-8.20757908,1.11048137,,train
MOL_33830,success,-9.40607897,-8.02021719,1.38586177,,train
MOL_36613,success,-9.35293677,-8.15421137,1.1987254,,train
MOL_31545,success,-9.17701025,-8.3155129,0.86149735,,train
MOL_58877,success,-9.21131884,-8.26412234,0.9471965,,train
MOL_60542,success,-9.18234269,-8.27469397,0.90764872,,train
MOL_76524,success,-9.22322656,-8.21277002,1.01045654,,train
MOL_35194,success,-8.81937978,-8.72513128,0.0942485,,train
MOL_24111,success,-8.87758957,-8.69263643,0.18495314,,train
MOL_09194,success,-9.32243645,-8.19013034,1.13230611,,train
MOL_24809,success,-8.93063705,-8.53571073,0.39492632,,train
MOL_92216,success,-9.09645224,-8.44462623,0.65182601,,train
MOL_73914,success,-9.12556334,-8.3790092,0.74655414,,train
MOL_69550,success,-9.23125411,-8.32071665,0.91053746,,train
MOL_66335,success,-9.30124293,-8.12406557,1.17717736,,train
MOL_86952,success,-9.01451926,-8.5209861,0.49353316,,train
MOL_48585,success,-9.09787204,-8.40066322,0.69720882,,train
MOL_45861,success,-9.32190339,-8.11517554,1.20672785,,train
MOL_94587,success,-8.91756505,-8.55387138,0.36369367,,train
MOL_20914,success,-9.34174583,-8.11687072,1.22487511,,train
MOL_10219,success,-9.34846083,-8.14658164,1.20187918,,train
MOL_94195,success,-8.98159123,-8.56944166,0.41214957,,train
MOL_21548,success,-8.94226131,-8.55087433,0.39138698,,train
MOL_13692,success,-8.99932047,-8.52405107,0.4752694,,train
MOL_18610,success,-9.40979011,-8.04696709,1.36282302,,train
MOL_84193,success,-9.03497766,-8.46457078,0.57040688,,train
MOL_29397,success,-9.50658211,-7.95585294,1.55072918,,train
MOL_63636,success,-9.1382816,-8.34273472,0.79554688,,train
MOL_09831,success,-9.11006246,-8.40301646,0.70704601,,train
MOL_65405,success,-8.96577919,-8.55626282,0.40951637,,train
MOL_88007,success,-9.37414249,-8.14125939,1.2328831,,train
MOL_30390,success,-9.02154523,-8.51963133,0.5019139,,train
MOL_72049,success,-9.46981536,-7.96316565,1.5066497,,train
MOL_03429,success,-9.28429229,-8.18016578,1.1041265,,train
MOL_91765,success,-8.81391385,-8.67888066,0.1350332,,train
MOL_03155,success,-9.03691523,-8.39479999,0.64211523,,train
MOL_76401,success,-8.9279392,-8.56828393,0.35965527,,train
MOL_93559,success,-8.87361747,-8.66242821,0.21118926,,train
MOL_38617,success,-9.05864642,-8.47627478,0.58237165,,train
MOL_72419,success,-9.15630762,-8.21466306,0.94164456,,train
MOL_24721,success,-9.39558192,-8.05240999,1.34317193,,train
MOL_23073,success,-9.00172269,-8.5710175,0.43070519,,train
MOL_48055,success,-8.90500284,-8.61195516,0.29304768,,train
MOL_65027,success,-9.03304139,-8.49983451,0.53320688,,train
MOL_99994,success,-8.94158651,-8.57873567,0.36285084,,train
MOL_24515,success,-9.41368483,-8.08830948,1.32537536,,train
MOL_50024,success,-9.02268158,-8.51957845,0.50310313,,train
MOL_33626,success,-8.87244537,-8.63421285,0.23823252,,train
MOL_76108,success,-9.22659006,-8.2642671,0.96232296,,train
MOL_54574,success,-9.36377668,-8.09425823,1.26951845,,train
MOL_28896,success,-9.26888054,-8.15822504,1.1106555,,train
MOL_14421,success,-8.86760297,-8.65385513,0.21374784,,train
MOL_48569,success,-9.27969707,-8.26389211,1.01580496,,train
MOL_51707,success,-8.78467324,-8.75362648,0.03104676,,train
MOL_51130,success,-8.98530413,-8.47116454,0.51413958,,train
MOL_39631,success,-9.0585612,-8.52539399,0.53316721,,train
MOL_71810,success,-9.06675555,-8.41611831,0.65063724,,train
MOL_09890,success,-9.14450233,-8.38954483,0.7549575,,train
MOL_89024,success,-9.06552235,-8.46735391,0.59816844,,train
MOL_90789,success,-8.87839196,-8.50913631,0.36925566,,train
MOL_56166,success,-8.79924069,-8.74082224,0.05841845,,train
MOL_03200,success,-9.01719964,-8.49653129,0.52066835,,train
MOL_86877,success,-9.25222083,-8.29179786,0.96042297,,train
MOL_36828,success,-9.29655021,-8.20452668,1.09202353,,train
MOL_82610,success,-9.02753785,-8.4362649,0.59127295,,train
MOL_48637,success,-9.40706558,-7.96610502,1.44096056,,train
MOL_17608,success,-9.04206342,-8.49162038,0.55044304,,train
MOL_18908,success,-8.93968574,-8.62470567,0.31498006,,train
MOL_60145,success,-9.12553453,-8.35560056,0.76993397,,train
MOL_31475,success,-9.41520893,-7.999364,1.41584493,,train
MOL_44556,success,-9.13971112,-8.35133283,0.78837829,,train
MOL_68296,success,-9.0747975,-8.42119893,0.65359857,,train
MOL_01553,success,-8.80106077,-8.70593617,0.0951246,,train
MOL_36414,success,-9.20622299,-8.29695516,0.90926783,,train
MOL_12060,success,-8.81534493,-8.70254181,0.11280312,,train
MOL_83807,success,-9.31399482,-8.1910393,1.12295551,,train
MOL_60353,success,-8.85842512,-8.61626914,0.24215598,,train
MOL_68962,success,-9.28552942,-8.19430282,1.0912266,,train
MOL_01669,success,-9.30711199,-8.17095586,1.13615613,,train
MOL_31946,success,-9.34618412,-8.178211,1.16797312,,train
MOL_79612,success,-9.39625789,-8.03326917,1.36298872,,train
MOL_41098,success,-8.98664709,-8.5639938,0.42265329,,train
MOL_15807,success,-9.25754566,-8.22018386,1.0373618,,train
MOL_10838,success,-9.00351354,-8.56402026,0.43949327,,train
MOL_51804,success,-9.13513285,-8.30952959,0.82560327,,train
MOL_10916,success,-9.11381651,-8.38859271,0.7252238,,train
MOL_68389,success,-9.23944206,-8.25335451,0.98608755,,train
MOL_73141,success,-9.33887845,-8.13268905,1.20618941,,train
MOL_35452,success,-9.08269016,-8.3486952,0.73399496,,train
MOL_33346,success,-8.88378109,-8.62357166,0.26020942,,train
MOL_75975,success,-8.78565951,-8.69093743,0.09472208,,train
MOL_88049,success,-9.45928298,-8.01508134,1.44420164,,train
MOL_22957,success,-8.87506102,-8.6665137,0.20854732,,train
MOL_71825,success,-9.30489403,-8.20738216,1.09751187,,train
MOL_65172,success,-9.31929716,-8.17030552,1.14899165,,train
MOL_42554,success,-9.04623175,-8.42074184,0.62548991,,train
MOL_34040,success,-8.76545285,-8.7110769,0.05437595,,train
MOL_56978,success,-9.23997654,-8.25612044,0.9838561,,train
MOL_81635,success,-9.02109577,-8.53326345,0.48783233,,train
MOL_33975,success,-9.40509245,-8.10008819,1.30500426,,train
MOL_72704,success,-8.86052333,-8.68725945,0.17326388,,train
MOL_26603,success,-8.89565655,-8.66911193,0.22654462,,train
MOL_85314,success,-9.37516706,-8.10806307,1.26710399,,train
MOL_01222,success,-9.27291282,-8.26528565,1.00762718,,train
MOL_77117,success,-8.94020919,-8.5963047,0.34390449,,train
MOL_14228,success,-9.22954208,-8.22580157,1.00374051,,train
MOL_57610,success,-9.39732545,-8.02027464,1.37705081,,train
MOL_23940,success,-9.03551897,-8.44318281,0.59233617,,train
MOL_19366,success,-9.10621017,-8.42932123,0.67688894,,train
MOL_98140,success,-9.02567719,-8.43105147,0.59462572,,train
MOL_08853,success,-8.94088881,-8.54466175,0.39622706,,train
MOL_87950,success,-9.03359004,-8.52360602,0.50998403,,train
MOL_87219,success,-9.39933022,-8.02435277,1.37497745,,train
MOL_07033,success,-9.0550014,-8.40386091,0.65114049,,train
MOL_17870,success,-9.46354214,-8.04235768,1.42118446,,train
MOL_93208,success,-8.88175358,-8.65768151,0.22407208,,train
MOL_11264,success,-9.20643706,-8.28111753,0.92531953,,train
MOL_50325,success,-8.87273472,-8.71237414,0.16036058,,train
MOL_44988,success,-9.44824161,-8.07401376,1.37422785,,train
MOL_76174,success,-9.2198866,-8.26367185,0.95621475,,train
MOL_09394,success,-9.32019404,-8.12963798,1.19055607,,train
MOL_56804,success,-9.14995344,-8.33769235,0.81226109,,train
MOL_75798,success,-8.8825293,-8.53051587,0.35201343,,train
MOL_11203,success,-8.91800572,-8.59049751,0.32750821,,train
MOL_66077,success,-9.06177808,-8.47143273,0.59034536,,train
MOL_39278,success,-9.3327763,-8.15843917,1.17433713,,train
MOL_60616,success,-9.09719406,-8.3783267,0.71886736,,train
MOL_62771,success,-9.33510643,-8.07995597,1.25515046,,train
MOL_68297,success,-9.07269972,-8.47394853,0.5987512,,train
MOL_74482,success,-9.39769525,-8.01963008,1.37806517,,train
MOL_57544,success,-9.35565004,-8.16326998,1.19238006,,train
MOL_44147,success,-9.25558952,-8.17773444,1.07785508,,train
MOL_97108,success,-9.46854038,-7.98977371,1.47876667,,train
MOL_80237,success,-9.04488949,-8.41263548,0.63225401,,train
MOL_27834,success,-9.35586343,-8.12793572,1.22792772,,train
MOL_82998,success,-9.1105829,-8.38796419,0.72261871,,train
MOL_61217,success,-9.44592867,-7.98269552,1.46323315,,train
MOL_82514,success,-9.30061143,-8.21940463,1.0812068,,train
MOL_44979,success,-8.9774907,-8.49858851,0.47890219,,train
MOL_04387,success,-9.1450943,-8.37146369,0.77363061,,train
MOL_95222,success,-9.54453244,-7.92045626,1.62407618,,train
MOL_72793,success,-9.46892604,-8.0366326,1.43229344,,train
MOL_89490,success,-9.25964686,-8.21714454,1.04250231,,train
MOL_27313,success,-8.84184269,-8.67889596,0.16294673,,train
MOL_87093,success,-8.95495548,-8.53631118,0.4186443,,train
MOL_14744,success,-8.84295789,-8.60970177,0.23325612,,train
MOL_09572,success,-8.96361519,-8.59974178,0.36387341,,train
MOL_89141,success,-9.20404421,-8.26640522,0.93763899,,train
MOL_23272,success,-8.99701083,-8.51865381,0.47835701,,train
MOL_06906,success,-9.08767239,-8.41297062,0.67470177,,train
MOL_12272,success,-8.97230229,-8.51808431,0.45421798,,train
MOL_15028,success,-9.44494922,-8.00308799,1.44186123,,train
MOL_92835,success,-9.0268684,-8.50753068,0.51933773,,train
MOL_92108,success,-9.41542068,-8.07052459,1.34489608,,train
MOL_80216,success,-9.26364436,-8.16850378,1.09514058,,train
MOL_57299,success,-9.07965631,-8.42931988,0.65033644,,train
MOL_47571,success,-9.41431106,-8.07311846,1.3411926,,train
MOL_22221,success,-9.28195303,-8.22799161,1.05396142,,train
MOL_24555,success,-9.15502669,-8.3761737,0.778853,,train
MOL_56848,success,-9.14913342,-8.41020017,0.73893326,,train
MOL_89986,success,-9.31006784,-8.19614005,1.11392779,,train
MOL_71264,success,-9.25743062,-8.24333133,1.01409929,,train
MOL_93677,success,-9.12307618,-8.39274976,0.73032642,,train
MOL_14701,success,-8.75994073,-8.75777011,0.00217062,,train
MOL_02586,success,-9.13175074,-8.34797811,0.78377263,,train
MOL_53290,success,-9.42671994,-7.91665913,1.5100608,,train
MOL_89912,success,-8.99527036,-8.48154578,0.51372457,,train
MOL_03317,success,-9.22771599,-8.19516742,1.03254857,,train
MOL_95569,success,-9.17981233,-8.35145587,0.82835646,,train
MOL_43098,success,-9.17220811,-8.31476908,0.85743903,,train
MOL_34001,success,-9.36414775,-8.12999017,1.23415758,,train
MOL_68212,success,-8.90683933,-8.63151277,0.27532656,,train
MOL_78471,success,-9.34685341,-8.16370041,1.18315301,,train
MOL_10627,success,-9.08779334,-8.44950705,0.63828628,,train
MOL_62898,success,-8.74966924,-8.74479989,0.00486935,,train
MOL_92327,success,-9.3419995,-8.13267645,1.20932304,,train
MOL_14483,success,-9.44101056,-8.02489987,1.41611069,,train
MOL_29790,success,-8.96019654,-8.56790292,0.39229362,,train
MOL_62185,success,-9.15364199,-8.29949738,0.85414461,,train
MOL_06802,success,-9.11950155,-8.41180386,0.70769769,,train
MOL_25162,success,-9.11755611,-8.35179127,0.76576484,,train
MOL_84479,success,-9.18779997,-8.2860327,0.90176727,,train
MOL_08608,success,-9.23857141,-8.27136984,0.96720157,,train
MOL_87418,success,-9.13203384,-8.3875906,0.74444323,,train
MOL_95105,success,-9.20015718,-8.33301414,0.86714303,,train
MOL_79051,success,-9.06808175,-8.42450128,0.64358047,,train
MOL_08701,success,-8.83481542,-8.69479369,0.14002173,,train
MOL_13668,success,-9.03995333,-8.3785029,0.66145042,,train
MOL_85945,success,-9.15190997,-8.28063196,0.87127801,,train
MOL_24690,success,-9.22354481,-8.23964084,0.98390397,,train
MOL_50276,success,-9.40685655,-8.11083393,1.29602261,,train
MOL_60685,success,-8.94513464,-8.52579842,0.41933622,,train
MOL_20507,success,-9.03250412,-8.48745871,0.54504541,,train
MOL_91417,success,-9.08501584,-8.37802963,0.70698621,,train
MOL_34393,success,-9.2322071,-8.2364115,0.9957956,,train
MOL_60262,success,-9.39088725,-8.08135001,1.30953724,,train
MOL_01632,success,-9.2513973,-8.24964147,1.00175583,,train
MOL_34889,success,-8.82735414,-8.70200598,0.12534815,,train
MOL_09910,success,-9.21169806,-8.24380943,0.96788862,,train
MOL_03586,success,-9.06939446,-8.46870242,0.60069204,,train
MOL_09729,success,-9.21443278,-8.29528564,0.91914714,,train
MOL_18300,success,-8.88298195,-8.64249039,0.24049156,,train
MOL_87882,success,-9.01990629,-8.3186909,0.70121539,,train
MOL_13785,success,-8.8047153,-8.66450281,0.14021249,,train
MOL_91353,success,-8.82421978,-8.74467217,0.07954761,,train
MOL_06574,success,-9.46757497,-7.98023529,1.48733968,,train
MOL_83048,success,-8.86021166,-8.65246139,0.20775027,,train
MOL_76600,success,-9.06083259,-8.48618604,0.57464656,,train
MOL_71658,success,-9.42666884,-8.00115448,1.42551435,,train
MOL_86679,success,-8.918251,-8.58312071,0.33513028,,train
MOL_05851,success,-9.05048733,-8.45828099,0.59220635,,train
MOL_19310,success,-9.22668852,-8.28546015,0.94122838,,train
MOL_55882,success,-9.19980781,-8.35654704,0.84326077,,train
MOL_46622,success,-9.60539654,-7.86853348,1.73686307,,train
MOL_74273,success,-9.41078983,-8.01297136,1.39781847,,train
MOL_36250,success,-9.04281664,-8.4637606,0.57905603,,train
MOL_30586,success,-9.27872144,-8.19719666,1.08152479,,train
MOL_03702,success,-9.01459667,-8.51522257,0.4993741,,train
MOL_24677,success,-8.9159411,-8.6629558,0.25298529,,train
MOL_96554,success,-8.79124089,-8.74029664,0.05094425,,train
MOL_57952,success,-9.55836474,-7.81678486,1.74157989,,train
MOL_61150,success,-9.15088055,-8.32404533,0.82683523,,train
MOL_39552,success,-9.13085168,-8.3566462,0.77420548,,train
MOL_47236,success,-9.21511744,-8.32604374,0.8890737,,train
MOL_94082,success,-9.3520225,-8.08455162,1.26747088,,train
MOL_25503,success,-9.09467814,-8.34395034,0.7507278,,train
MOL_55056,success,-9.18535871,-8.34875131,0.8366074,,train
MOL_97598,success,-8.98309234,-8.53632394,0.4467684,,train
MOL_68688,success,-9.33386848,-8.13905191,1.19481657,,train
MOL_97446,success,-9.34491244,-8.1162894,1.22862304,,train
MOL_87338,success,-9.14830244,-8.39540075,0.75290169,,train
MOL_85949,success,-9.29853653,-8.21302523,1.0855113,,train
MOL_71441,success,-8.95879837,-8.54007407,0.4187243,,train
MOL_40768,success,-9.32313674,-8.11065953,1.21247721,,train
MOL_02615,success,-9.33675327,-8.13678874,1.19996453,,train
MOL_21135,success,-9.02214873,-8.49869539,0.52345334,,train
MOL_30980,success,-8.86275666,-8.68019779,0.18255887,,train
MOL_06256,success,-9.13187171,-8.3864898,0.74538191,,train
MOL_70808,success,-9.08302068,-8.45903164,0.62398904,,train
MOL_97565,success,-8.88542785,-8.65854546,0.22688239,,train
MOL_42092,success,-9.04230746,-8.48332017,0.5589873,,train
MOL_00236,success,-9.46001164,-7.9911823,1.46882934,,train
MOL_87828,success,-8.95518926,-8.51840105,0.43678821,,train
MOL_74756,success,-8.87841968,-8.64995838,0.22846129,,train
MOL_57606,success,-8.92695524,-8.64304747,0.28390777,,train
MOL_82521,success,-9.15000467,-8.3909489,0.75905577,,train
MOL_86779,success,-9.29001819,-8.21157049,1.07844771,,train
MOL_47725,success,-8.86663375,-8.64467477,0.22195898,,train
MOL_16348,success,-8.98693751,-8.54170574,0.44523177,,train
MOL_81471,success,-9.24510303,-8.24402815,1.00107489,,train
MOL_65320,success,-9.06099069,-8.4048473,0.65614339,,train
MOL_14606,success,-9.13361691,-8.29562731,0.8379896,,train
MOL_99212,success,-9.2601617,-8.30338645,0.95677524,,train
MOL_40614,success,-9.43367739,-7.99081056,1.44286683,,train
MOL_33963,success,-8.72423061,-8.68686129,0.03736932,,train
MOL_10376,success,-9.19128457,-8.26771384,0.92357073,,train
MOL_74141,success,-8.88708181,-8.54520584,0.34187597,,train
MOL_56297,success,-9.21813,-8.22939837,0.98873164,,train
MOL_50588,success,-9.23359542,-8.184108,1.04948742,,train
MOL_46692,success,-9.26849978,-8.28469694,0.98380285,,train
MOL_39086,success,-9.1678482,-8.32114121,0.84670699,,train
MOL_44353,success,-9.10906077,-8.3935764,0.71548437,,train
MOL_97344,success,-8.92195954,-8.55990059,0.36205895,,train
MOL_97988,success,-9.04683205,-8.47466505,0.57216701,,train
MOL_06770,success,-9.23474637,-8.26925087,0.9654955,,train
MOL_04629,success,-9.27052298,-8.21367429,1.05684868,,train
MOL_42853,success,-9.20310007,-8.30735496,0.8957451,,train
MOL_91960,success,-9.31769169,-8.25483632,1.06285537,,train
MOL_11798,success,-8.91730537,-8.57162932,0.34567605,,train
MOL_44815,success,-9.20380152,-8.28075475,0.92304677,,train
MOL_12439,success,-9.12053987,-8.40721994,0.71331993,,train
MOL_72062,success,-9.18578131,-8.32462626,0.86115505,,train
MOL_48757,success,-9.14168582,-8.35803306,0.78365277,,train
MOL_78566,success,-9.32231478,-8.15969145,1.16262334,,train
MOL_59832,success,-9.23315539,-8.21497286,1.01818253,,train
MOL_24493,success,-9.14663397,-8.34000203,0.80663195,,train
MOL_37228,success,-9.12888113,-8.35695121,0.77192992,,train
MOL_80805,success,-9.47157801,-8.00857146,1.46300655,,train
MOL_07719,success,-9.40004031,-8.0399935,1.36004682,,train
MOL_86674,success,-8.81933339,-8.63922205,0.18011134,,train
MOL_73418,success,-8.99320865,-8.51323894,0.47996971,,train
MOL_14430,success,-9.13259377,-8.26696229,0.86563148,,train
MOL_46858,success,-8.85760314,-8.6546456,0.20295755,,train
MOL_40776,success,-9.2985244,-8.16182673,1.13669767,,train
MOL_82272,success,-9.24840692,-8.30670602,0.9417009,,train
MOL_00485,success,-9.29097502,-8.17305982,1.1179152,,train
MOL_87246,success,-9.03894062,-8.46275383,0.57618679,,train
MOL_70421,success,-8.86510038,-8.68081711,0.18428327,,train
MOL_03381,success,-9.21593018,-8.25967821,0.95625197,,train
MOL_61193,success,-9.2220102,-8.2131841,1.0088261,,train
MOL_70624,success,-9.23967462,-8.30558916,0.93408546,,train
MOL_31456,success,-8.83109983,-8.69430748,0.13679235,,train
MOL_98586,success,-9.23112746,-8.26260138,0.96852608,,train
MOL_28782,success,-9.39994533,-8.05427946,1.34566588,,train
MOL_57129,success,-9.18148811,-8.34350183,0.83798628,,train
MOL_48351,success,-9.05061634,-8.42937665,0.62123969,,train
MOL_53407,success,-8.80774131,-8.68988333,0.11785797,,train
MOL_88281,success,-9.32451037,-8.17542794,1.14908243,,train
MOL_32927,success,-9.25549724,-8.24654705,1.00895019,,train
MOL_08302,success,-9.43972294,-8.00768184,1.4320411,,train
MOL_11764,success,-9.16458773,-8.20049737,0.96409036,,train
MOL_66753,success,-8.98296012,-8.4414719,0.54148822,,train
MOL_12503,success,-9.28720941,-8.18024232,1.10696709,,train
MOL_99509,success,-9.08248348,-8.39074616,0.69173732,,train
MOL_64207,success,-8.96828271,-8.51149615,0.45678657,,train
MOL_59464,success,-8.75644839,-8.74058258,0.01586581,,train
MOL_03413,success,-9.34749702,-8.08773602,1.25976101,,train
MOL_15613,success,-9.19320376,-8.31657167,0.87663209,,train
MOL_04352,success,-8.87660091,-8.59317567,0.28342524,,train
MOL_50273,success,-9.30788665,-8.20893208,1.09895457,,train
MOL_85627,success,-9.2368074,-8.20123839,1.03556901,,train
MOL_53858,success,-9.39378761,-8.07673011,1.31705751,,train
MOL_47166,success,-8.89347424,-8.67353123,0.21994301,,train
MOL_91866,success,-8.99316042,-8.46401222,0.5291482,,train
MOL_21364,success,-9.53733025,-7.83875422,1.69857603,,train
MOL_53667,success,-9.34081315,-8.19490499,1.14590816,,train
MOL_81392,success,-9.22582884,-8.1720292,1.05379964,,train
MOL_85704,success,-9.03127337,-8.51200734,0.51926604,,train
MOL_48750,success,-9.18071666,-8.37103577,0.80968089,,train
MOL_62909,success,-9.16641381,-8.43640697,0.73000684,,train
MOL_54565,success,-9.29574965,-8.25957979,1.03616986,,train
MOL_86418,success,-9.08476497,-8.4179427,0.66682227,,train
MOL_06385,success,-8.92561424,-8.6485802,0.27703405,,train
MOL_95573,success,-8.91363998,-8.58670999,0.32692999,,train
MOL_31654,success,-8.94848845,-8.54915601,0.39933244,,train
MOL_28377,success,-8.88479324,-8.65032853,0.2344647,,train
MOL_47431,success,-8.87235922,-8.58881816,0.28354106,,train
MOL_74788,success,-9.24878811,-8.28556357,0.96322454,,train
MOL_94106,success,-9.22755152,-8.23844345,0.98910807,,train
MOL_86613,success,-8.82686826,-8.69590039,0.13096787,,train
MOL_07005,success,-9.2884205,-8.14647869,1.14194181,,train
MOL_86635,success,-8.97011075,-8.55863846,0.41147228,,train
MOL_85466,success,-9.16749162,-8.30318841,0.86430322,,train
MOL_09235,success,-9.28977196,-8.18752193,1.10225003,,train
MOL_05651,success,-9.11931958,-8.4358037,0.68351587,,train
MOL_48888,success,-9.05319894,-8.44137993,0.61181901,,train
MOL_03659,success,-9.10876681,-8.35683659,0.75193022,,train
MOL_05930,success,-9.01432077,-8.50288121,0.51143955,,train
MOL_86984,success,-9.19852152,-8.33856869,0.85995284,,train
MOL_24738,success,-9.19340962,-8.27667884,0.91673078,,train
MOL_92364,success,-8.91221458,-8.63671683,0.27549775,,train
MOL_37340,success,-9.06015661,-8.43603122,0.62412539,,train
MOL_56382,success,-8.85126482,-8.71343937,0.13782546,,train
MOL_52497,success,-9.05256244,-8.44044187,0.61212057,,train
MOL_06381,success,-9.25961484,-8.27044998,0.98916486,,train
MOL_66196,success,-8.84274863,-8.62917317,0.21357547,,train
MOL_65937,success,-8.83679338,-8.67562624,0.16116714,,train
MOL_22478,success,-9.07394532,-8.51583808,0.55810724,,train
MOL_63559,success,-9.25852919,-8.23995071,1.01857848,,train
MOL_64475,success,-9.10772789,-8.41160286,0.69612504,,train
MOL_91722,success,-9.16934899,-8.37374241,0.79560658,,train
MOL_22770,success,-8.87522935,-8.58577265,0.2894567,,train
MOL_20248,success,-8.882977,-8.57500284,0.30797416,,train
MOL_84702,success,-9.12859919,-8.41323106,0.71536813,,train
MOL_03459,success,-9.12835531,-8.42504185,0.70331346,,train
MOL_79183,success,-9.13771542,-8.36554697,0.77216845,,train
MOL_74479,success,-9.34790213,-8.10570129,1.24220084,,train
MOL_18597,success,-9.31663275,-8.1750518,1.14158095,,train
MOL_57482,success,-9.39653068,-8.07794054,1.31859013,,train
MOL_42909,success,-9.04858013,-8.47170846,0.57687167,,train
MOL_83187,success,-9.10570109,-8.40838265,0.69731845,,train
MOL_31407,success,-8.96986626,-8.55709606,0.41277019,,train
MOL_21292,success,-9.32650227,-8.19650738,1.12999489,,train
MOL_53522,success,-8.97030228,-8.63039336,0.33990892,,train
MOL_13092,success,-8.97155087,-8.50063151,0.47091937,,train
MOL_93110,success,-9.39479171,-8.09913456,1.29565715,,train
MOL_35742,success,-9.19468918,-8.3393193,0.85536988,,train
MOL_58493,success,-9.07445904,-8.40697587,0.66748317,,train
MOL_17603,success,-9.22845597,-8.30636076,0.92209522,,train
MOL_23978,success,-9.13496251,-8.37365359,0.76130893,,train
MOL_62925,success,-9.26897308,-8.20727053,1.06170255,,train
MOL_55675,success,-9.25952097,-8.22529285,1.03422812,,train
MOL_61176,success,-8.96102506,-8.56566986,0.3953552,,train
MOL_08931,success,-9.35395839,-8.09139985,1.26255853,,train
MOL_83871,success,-9.31672014,-8.155094,1.16162614,,train
MOL_38398,success,-8.9476825,-8.55660193,0.39108057,,train
MOL_50382,success,-9.2817056,-8.21105234,1.07065326,,train
MOL_99224,success,-9.19301454,-8.27672098,0.91629356,,train
MOL_42203,success,-9.43010337,-8.05283627,1.3772671,,train
MOL_74880,success,-9.57231325,-7.85521115,1.7171021,,train
MOL_66518,success,-8.89388568,-8.59099088,0.3028948,,train
MOL_36571,success,-9.30417075,-8.16372248,1.14044827,,train
MOL_80304,success,-9.28713422,-8.21801726,1.06911696,,train
MOL_07018,success,-9.33747465,-8.12693123,1.21054342,,train
MOL_18211,success,-9.14066322,-8.39941498,0.74124824,,train
MOL_87781,success,-8.95896924,-8.50413251,0.45483673,,train
MOL_23933,success,-9.42186476,-8.07430759,1.34755717,,train
MOL_72334,success,-9.28203648,-8.17989639,1.10214009,,train
MOL_02519,success,-9.30018539,-8.17255949,1.1276259,,train
MOL_34636,success,-9.19507367,-8.32708951,0.86798416,,train
MOL_19799,success,-9.14652714,-8.32076236,0.82576478,,train
MOL_93374,success,-8.87723948,-8.59104568,0.2861938,,train
MOL_89930,success,-9.10136187,-8.37198314,0.72937873,,train
MOL_91168,success,-8.97402324,-8.62183247,0.35219078,,train
MOL_92284,success,-9.36141514,-8.11302139,1.24839375,,train
MOL_59829,success,-9.29630331,-8.10682218,1.18948113,,train
MOL_77531,success,-8.94785198,-8.57255142,0.37530056,,train
MOL_12764,success,-9.51063773,-7.93005024,1.58058749,,train
MOL_01631,success,-9.39435215,-8.11474943,1.27960271,,train
MOL_55153,success,-9.53645377,-7.94634422,1.59010955,,train
MOL_80995,success,-9.10905728,-8.40544815,0.70360913,,train
MOL_57197,success,-8.92171085,-8.64082296,0.28088788,,train
MOL_52835,success,-9.01672106,-8.48065706,0.53606401,,train
MOL_24961,success,-9.43973571,-8.02533454,1.41440118,,train
MOL_43059,success,-8.93055494,-8.63836671,0.29218823,,train
MOL_45573,success,-9.17099309,-8.32120703,0.84978606,,train
MOL_36893,success,-9.19828442,-8.22548358,0.97280084,,train
MOL_73298,success,-8.86779152,-8.541779,0.32601251,,train
MOL_80593,success,-9.12783505,-8.40650554,0.72132951,,train
MOL_96367,success,-8.85608072,-8.72583516,0.13024555,,train
MOL_84315,success,-9.07810103,-8.40685489,0.67124614,,train
MOL_37691,success,-9.11682535,-8.37273478,0.74409057,,train
MOL_24812,success,-9.35844502,-8.1517006,1.20674442,,train
MOL_20726,success,-9.45085119,-8.04393203,1.40691916,,train
MOL_12804,success,-9.38399665,-8.12301036,1.26098629,,train
MOL_81667,success,-9.39119813,-7.99896814,1.39222999,,train
MOL_56450,success,-9.45333381,-8.05055958,1.40277423,,train
MOL_33860,success,-9.34767634,-8.08938352,1.25829282,,train
MOL_85854,success,-9.04125609,-8.50168219,0.5395739,,train
MOL_08666,success,-9.2414593,-8.23383507,1.00762423,,train
MOL_89487,success,-9.28069059,-8.17628178,1.10440881,,train
MOL_74890,success,-9.28449177,-8.22101771,1.06347407,,train
MOL_09743,success,-9.55021634,-7.86642587,1.68379047,,train
MOL_75442,success,-9.35911639,-8.09063194,1.26848445,,train
MOL_99178,success,-9.37751971,-8.07108582,1.30643389,,train
MOL_76257,success,-9.12672256,-8.36813158,0.75859098,,train
MOL_18069,success,-9.30622456,-8.21160987,1.09461469,,train
MOL_68476,success,-9.3969838,-8.02725949,1.36972431,,train
MOL_14655,success,-9.18700761,-8.2709511,0.91605651,,train
MOL_00594,success,-9.33610823,-8.1531446,1.18296363,,train
MOL_92851,success,-9.1342504,-8.34609202,0.78815838,,train
MOL_87558,success,-9.08089856,-8.43020478,0.65069378,,train
MOL_77100,success,-9.31168348,-8.06866295,1.24302053,,train
MOL_00096,success,-9.28896618,-8.21925235,1.06971382,,train
MOL_24598,success,-9.13999352,-8.35693331,0.78306021,,train
MOL_78785,success,-9.34046429,-8.12930392,1.21116036,,train
MOL_51055,success,-8.85629869,-8.68919752,0.16710117,,train
MOL_52936,success,-9.18372092,-8.25776561,0.92595531,,train
MOL_45510,success,-9.31103171,-8.22440367,1.08662804,,train
MOL_63693,success,-9.29884073,-8.18075055,1.11809018,,train
MOL_06618,success,-9.25488617,-8.24080533,1.01408084,,train
MOL_43458,success,-9.39949782,-8.11873649,1.28076133,,train
MOL_69425,success,-9.44523605,-8.05558801,1.38964804,,train
MOL_00124,success,-9.19569521,-8.31021864,0.88547656,,train
MOL_91434,success,-9.26001278,-8.2445461,1.01546668,,train
MOL_79340,success,-9.4795936,-7.96798724,1.51160636,,train
MOL_33906,success,-8.84168576,-8.72192817,0.11975759,,train
MOL_42987,success,-9.42017189,-8.07346151,1.34671038,,train
MOL_82424,success,-9.18402132,-8.28595938,0.89806194,,train
MOL_98447,success,-9.37153758,-8.06929735,1.30224023,,train
MOL_29651,success,-9.11722568,-8.43465662,0.68256906,,train
MOL_78346,success,-9.31245529,-8.18148105,1.13097424,,train
MOL_16450,success,-8.99254774,-8.5356144,0.45693333,,train
MOL_56367,success,-9.22437832,-8.26393564,0.96044268,,train
MOL_51504,success,-8.96327461,-8.58858771,0.3746869,,train
MOL_29115,success,-9.17675436,-8.35278663,0.82396773,,train
MOL_92033,success,-8.87992235,-8.60097496,0.27894739,,train
MOL_86210,success,-9.30229871,-8.13829579,1.16400292,,train
MOL_30706,success,-9.33175289,-8.23055561,1.10119729,,train
MOL_12623,success,-8.95843649,-8.5582343,0.40020219,,train
MOL_61870,success,-9.30049861,-8.18414889,1.11634972,,train
MOL_13347,success,-9.26595306,-8.1818999,1.08405316,,train
MOL_43888,success,-9.36247289,-8.15032838,1.21214451,,train
MOL_26625,success,-9.26879899,-8.2438439,1.0249551,,train
MOL_22228,success,-9.30820504,-8.14955357,1.15865147,,train
MOL_56861,success,-9.42379568,-8.03789523,1.38590045,,train
MOL_90127,success,-9.39241158,-8.00027643,1.39213515,,train
MOL_70646,success,-8.99101246,-8.52090383,0.47010863,,train
MOL_23072,success,-9.1050914,-8.41470651,0.69038489,,train
MOL_39109,success,-9.26045795,-8.1657494,1.09470855,,train
MOL_24281,success,-8.89232008,-8.62925546,0.26306463,,train
MOL_19154,success,-9.20470908,-8.33313861,0.87157047,,train
MOL_10049,success,-9.46874343,-8.01619117,1.45255227,,train
MOL_38205,success,-9.34957166,-8.14021928,1.20935238,,train
MOL_67827,success,-8.95844783,-8.5330084,0.42543944,,train
MOL_90506,success,-8.86000396,-8.73267415,0.12732981,,train
MOL_38227,success,-9.10135861,-8.39331972,0.70803889,,train
MOL_23642,success,-9.27942698,-8.15132812,1.12809886,,train
MOL_15617,success,-8.77291715,-8.77131266,0.00160449,,train
MOL_02293,success,-9.16755632,-8.33424303,0.83331328,,train
MOL_54433,success,-9.1331862,-8.39273633,0.74044987,,train
MOL_77545,success,-9.21167043,-8.30453273,0.9071377,,train
MOL_83010,success,-8.772846,-8.49013547,0.28271052,,train
MOL_30995,success,-9.05022287,-8.4981032,0.55211967,,train
MOL_08700,success,-8.93568573,-8.62555655,0.31012917,,train
MOL_08675,success,-9.24777193,-8.31724833,0.93052361,,train
MOL_29058,success,-9.317441,-8.16539917,1.15204182,,train
MOL_51651,success,-9.46356022,-7.98674015,1.47682007,,train
MOL_91883,success,-9.45520137,-7.94100574,1.51419563,,train
MOL_56321,success,-9.04818685,-8.51309044,0.53509641,,train
MOL_75285,success,-9.14286284,-8.35115535,0.79170749,,train
MOL_87433,success,-9.2903793,-8.1292904,1.1610889,,train
MOL_72073,success,-9.27662423,-8.27343546,1.00318877,,train
MOL_07218,success,-9.31456956,-8.18537106,1.1291985,,train
MOL_17986,success,-8.93254502,-8.59898245,0.33356257,,train
MOL_41054,success,-9.22786934,-8.26927815,0.95859119,,train
MOL_43742,success,-8.84089185,-8.61269216,0.22819969,,train
MOL_98727,success,-9.02077222,-8.46739436,0.55337786,,train
MOL_29056,success,-8.98794016,-8.56438542,0.42355473,,train
MOL_06782,success,-9.30795469,-8.12145159,1.1865031,,train
MOL_69076,success,-9.08329051,-8.41090109,0.67238943,,train
MOL_51735,success,-8.88370218,-8.62730076,0.25640142,,train
MOL_84694,success,-9.32707119,-8.20979632,1.11727487,,train
MOL_91418,success,-9.31080239,-8.15850729,1.15229511,,train
MOL_13900,success,-9.0598086,-8.40936525,0.65044335,,train
MOL_09554,success,-8.96990832,-8.56002047,0.40988785,,train
MOL_33863,success,-9.07471214,-8.43032343,0.64438871,,train
MOL_72083,success,-9.08892783,-8.37252673,0.7164011,,train
MOL_02253,success,-9.49531313,-7.9705684,1.52474474,,train
MOL_09092,success,-8.94272212,-8.57153196,0.37119016,,train
MOL_85861,success,-9.42801471,-7.9781516,1.44986311,,train
MOL_97666,success,-9.28720666,-8.21013267,1.07707399,,train
MOL_13254,success,-9.02150162,-8.39493309,0.62656853,,train
MOL_17446,success,-9.44069457,-7.98781239,1.45288217,,train
MOL_10734,success,-9.27044911,-8.22262963,1.04781947,,train
MOL_05143,success,-8.89892821,-8.60871158,0.29021663,,train
MOL_65736,success,-8.9720065,-8.50666779,0.46533871,,train
MOL_54067,success,-9.43695316,-8.00260982,1.43434334,,train
MOL_65516,success,-9.08818362,-8.47868584,0.60949778,,train
MOL_59695,success,-9.06268951,-8.44702125,0.61566826,,train
MOL_07309,success,-9.37502908,-8.13474634,1.24028274,,train
MOL_15091,success,-9.17195768,-8.33204997,0.8399077,,train
MOL_96155,success,-9.27555141,-8.23147515,1.04407626,,train
MOL_92613,success,-9.2036997,-8.30442505,0.89927465,,train
MOL_44521,success,-9.19728396,-8.35369109,0.84359286,,train
MOL_07591,success,-9.32227403,-8.13236743,1.1899066,,train
MOL_07850,success,-9.06300532,-8.38955742,0.6734479,,train
MOL_73954,success,-8.97755866,-8.61610083,0.36145783,,train
MOL_32584,success,-9.60032801,-7.8737435,1.7265845,,train
MOL_90503,success,-8.99169309,-8.47097829,0.5207148,,train
MOL_39428,success,-9.31345684,-8.17443111,1.13902573,,train
MOL_60009,success,-9.23106251,-8.32514519,0.90591732,,train
MOL_77063,success,-9.20807835,-8.24455911,0.96351924,,train
MOL_83814,success,-9.42839324,-8.05745767,1.37093557,,train
MOL_14433,success,-8.96989518,-8.60448968,0.3654055,,train
MOL_11238,success,-9.30374595,-8.15283149,1.15091446,,train
MOL_28343,success,-9.50530147,-7.98061036,1.52469111,,train
MOL_84311,success,-9.48646505,-7.93614653,1.55031852,,train
MOL_91970,success,-8.85506102,-8.66212709,0.19293393,,train
MOL_70103,success,-9.1480906,-8.3161103,0.8319803,,train
MOL_19232,success,-9.51576888,-7.96868514,1.54708373,,train
MOL_89710,success,-9.19021707,-8.31758122,0.87263585,,train
MOL_60323,success,-8.93313276,-8.61495625,0.31817651,,train
MOL_28581,success,-9.22934275,-8.24305187,0.98629088,,train
MOL_06237,success,-9.0808105,-8.43609748,0.64471302,,train
MOL_72241,success,-9.06773081,-8.49186439,0.57586643,,train
MOL_02210,success,-9.01494081,-8.52960564,0.48533517,,train
MOL_37017,success,-8.96234882,-8.55682477,0.40552405,,train
MOL_91057,success,-9.34330618,-8.18943429,1.15387189,,train
MOL_45896,success,-8.96083056,-8.52505999,0.43577057,,train
MOL_14133,success,-8.94474589,-8.55372079,0.39102509,,train
MOL_51318,success,-9.49051896,-7.90932572,1.58119324,,train
MOL_77875,success,-9.15111764,-8.40587215,0.74524549,,train
MOL_06195,success,-9.16706781,-8.31505991,0.8520079,,train
MOL_84383,success,-9.14070782,-8.30771225,0.83299557,,train
MOL_85323,success,-9.23084741,-8.29416845,0.93667895,,train
MOL_36733,success,-8.9721437,-8.47702899,0.49511472,,train
MOL_20630,success,-8.87930662,-8.64812281,0.23118381,,train
MOL_17553,success,-9.04176527,-8.52463396,0.51713131,,train
MOL_02345,success,-9.10317303,-8.31974937,0.78342366,,train
MOL_70655,success,-9.25955767,-8.19653305,1.06302463,,train
MOL_05318,success,-8.97911569,-8.51546159,0.4636541,,train
MOL_37534,success,-9.33664927,-8.06618705,1.27046223,,train
MOL_29849,success,-9.31061219,-8.20636259,1.1042496,,train
MOL_77014,success,-9.39589175,-7.97678836,1.41910339,,train
MOL_77402,success,-8.97919208,-8.43922741,0.53996466,,train
MOL_56277,success,-8.86646829,-8.67634917,0.19011912,,train
MOL_84864,success,-9.24364177,-8.25558166,0.9880601,,train
MOL_51992,success,-9.07905669,-8.42695126,0.65210543,,train
MOL_22127,success,-9.26141201,-8.22025926,1.04115275,,train
MOL_37129,success,-9.39264664,-8.13782276,1.25482388,,train
MOL_77482,success,-9.16578726,-8.28931267,0.87647459,,train
MOL_21215,success,-8.99278297,-8.55152822,0.44125475,,train
MOL_71074,success,-9.30206487,-8.17061181,1.13145306,,train
MOL_50942,success,-9.32338669,-8.2075218,1.11586489,,train
MOL_94150,success,-9.1969749,-8.29349787,0.90347703,,train
MOL_45893,success,-8.84511937,-8.70232052,0.14279885,,train
MOL_51847,success,-9.14195593,-8.33799596,0.80395997,,train
MOL_95226,success,-9.09481634,-8.43969572,0.65512062,,train
MOL_47452,success,-9.31426984,-8.14034023,1.17392962,,train
MOL_75377,success,-9.29798474,-8.17449759,1.12348715,,train
MOL_39030,success,-9.20136367,-8.28413299,0.91723068,,train
MOL_98905,success,-9.32765526,-8.14871081,1.17894444,,train
MOL_52879,success,-8.87927437,-8.65617767,0.2230967,,train
MOL_64952,success,-9.05317358,-8.3451649,0.70800868,,train
MOL_04754,success,-8.80388967,-8.77705614,0.02683353,,train
MOL_21228,success,-9.11378926,-8.38958283,0.72420644,,train
MOL_98167,success,-9.2283048,-8.29230752,0.93599728,,train
MOL_18450,success,-8.85108046,-8.6179273,0.23315316,,train
MOL_46809,success,-8.91047879,-8.62591942,0.28455937,,train
MOL_64361,success,-9.12456346,-8.36876289,0.75580057,,train
MOL_42259,success,-9.00827239,-8.48306496,0.52520744,,train
MOL_03243,success,-8.9383401,-8.56522069,0.37311941,,train
MOL_85271,success,-8.91099021,-8.53100355,0.37998666,,train
MOL_36757,success,-9.13942736,-8.36100857,0.77841879,,train
MOL_31924,success,-8.96788099,-8.45321119,0.5146698,,train
MOL_78830,success,-8.8148865,-8.71935414,0.09553237,,train
MOL_06221,success,-9.01190104,-8.49621101,0.51569003,,train
MOL_90134,success,-9.17828832,-8.30416756,0.87412076,,train
MOL_60456,success,-9.04166349,-8.4726606,0.56900289,,train
MOL_73124,success,-8.81560465,-8.67546586,0.14013879,,train
MOL_22479,success,-9.4966125,-7.87055948,1.62605302,,train
MOL_62740,success,-8.94730455,-8.56527201,0.38203254,,train
MOL_51947,success,-8.75507736,-8.72244507,0.03263229,,train
MOL_36290,success,-8.82487033,-8.67598234,0.14888799,,train
MOL_96411,success,-9.10896769,-8.37504013,0.73392756,,train
MOL_59283,success,-9.10841878,-8.38915741,0.71926136,,train
MOL_40754,success,-9.21695608,-8.29051975,0.92643633,,train
MOL_44298,success,-9.42727266,-8.05862175,1.36865091,,train
MOL_89778,success,-9.51255828,-7.93728782,1.57527046,,train
MOL_57818,success,-9.43803113,-8.05432641,1.38370472,,train
MOL_89269,success,-9.31328351,-8.15570166,1.15758185,,train
MOL_75816,success,-8.97158055,-8.57142188,0.40015868,,train
MOL_28216,success,-9.23309219,-8.30558863,0.92750356,,train
MOL_78455,success,-9.37222137,-7.95506429,1.41715707,,train
MOL_09404,success,-9.054369,-8.39422093,0.66014807,,train
MOL_27195,success,-9.35683029,-8.13935099,1.2174793,,train
MOL_56026,success,-9.18328798,-8.33779227,0.84549571,,train
MOL_50488,success,-9.17312904,-8.28130846,0.89182057,,train
MOL_19574,success,-9.16506602,-8.38551813,0.77954789,,train
MOL_77871,success,-9.43603959,-8.02818264,1.40785695,,train
MOL_39238,success,-9.25930342,-8.24272492,1.0165785,,train
MOL_49465,success,-9.09478788,-8.43511361,0.65967427,,train
MOL_45465,success,-9.23481334,-8.21019165,1.02462169,,train
MOL_05605,success,-9.06955207,-8.46869214,0.60085993,,train
MOL_27423,success,-8.89925095,-8.54812965,0.3511213,,train
MOL_30228,success,-8.80303257,-8.65375217,0.1492804,,train
MOL_41816,success,-9.12473382,-8.39728835,0.72744547,,train
MOL_09916,success,-9.39929976,-7.98227408,1.41702568,,train
MOL_26552,success,-9.41241377,-8.03428894,1.37812483,,train
MOL_79469,success,-8.88543634,-8.62613393,0.25930241,,train
MOL_36575,success,-9.50574771,-7.94633519,1.55941251,,train
MOL_88669,success,-9.22139689,-8.23330793,0.98808896,,train
MOL_03529,success,-9.50461937,-7.99361049,1.51100887,,train
MOL_65632,success,-9.31951611,-8.17341228,1.14610383,,train
MOL_15141,success,-9.19506696,-8.2818491,0.91321786,,train
MOL_37033,success,-8.89328918,-8.63240202,0.26088715,,train
MOL_23758,success,-9.25829704,-8.17086416,1.08743288,,train
MOL_06276,success,-8.94380183,-8.59575507,0.34804676,,train
MOL_59176,success,-9.10752942,-8.33319534,0.77433408,,train
MOL_50353,success,-9.02337915,-8.51269521,0.51068394,,train
MOL_87815,success,-9.04629933,-8.43185806,0.61444127,,train
MOL_16707,success,-9.26860144,-8.16761338,1.10098806,,train
MOL_42042,success,-9.0776118,-8.46585867,0.61175313,,train
MOL_48864,success,-9.09285701,-8.45857952,0.63427749,,train
MOL_47296,success,-9.34858439,-8.12269884,1.22588555,,train
MOL_73604,success,-9.1209381,-8.31288165,0.80805645,,train
MOL_00921,success,-8.97886353,-8.54448254,0.43438099,,train
MOL_66907,success,-9.31187463,-8.19961471,1.11225992,,train
MOL_42168,success,-9.00516198,-8.46949456,0.53566742,,train
MOL_36271,success,-9.25747505,-8.19911605,1.058359,,train
MOL_87702,success,-9.3363024,-8.10275699,1.2335454,,train
MOL_25020,success,-9.30553362,-8.19560018,1.10993344,,train
MOL_37551,success,-8.90011563,-8.59597649,0.30413913,,train
MOL_70124,success,-9.37420522,-8.06700581,1.30719941,,train
MOL_51307,success,-9.35248125,-8.09986263,1.25261862,,train
MOL_51291,success,-9.4272976,-8.06231004,1.36498756,,train
MOL_77811,success,-8.93565042,-8.62140039,0.31425004,,train
MOL_67235,success,-9.25742672,-8.24747903,1.00994769,,train
MOL_26726,success,-9.11409007,-8.27813782,0.83595225,,train
MOL_46701,success,-8.81536096,-8.72381504,0.09154592,,train
MOL_63898,success,-9.06378499,-8.44084602,0.62293896,,train
MOL_86142,success,-9.08527986,-8.40889932,0.67638054,,train
MOL_66688,success,-9.18975515,-8.32214699,0.86760816,,train
MOL_94252,success,-8.80414677,-8.68971935,0.11442743,,train
MOL_40103,success,-8.89498173,-8.59030749,0.30467424,,train
MOL_12742,success,-9.14228614,-8.35600063,0.78628552,,train
MOL_73584,success,-9.38115932,-8.01895191,1.36220741,,train
MOL_94432,success,-9.2203187,-8.24133017,0.97898853,,train
MOL_91200,success,-9.32122452,-8.15415298,1.16707154,,train
MOL_77437,success,-9.2788055,-8.13119281,1.14761269,,train
MOL_53722,success,-8.98969459,-8.51490116,0.47479343,,train
MOL_01885,success,-8.97053953,-8.56262842,0.40791111,,train
MOL_67558,success,-9.20853866,-8.2849044,0.92363427,,train
MOL_32700,success,-8.86164998,-8.66167157,0.19997841,,train
MOL_25691,success,-9.00242206,-8.52085964,0.48156242,,train
MOL_77242,success,-8.92900972,-8.58328346,0.34572625,,train
MOL_15270,success,-9.38744668,-7.93844992,1.44899676,,train
MOL_87279,success,-9.04140317,-8.49559123,0.54581194,,train
MOL_22551,success,-9.32120455,-8.16225733,1.15894721,,train
MOL_86884,success,-9.35087308,-8.14372528,1.2071478,,train
MOL_28996,success,-9.10043241,-8.41070493,0.68972748,,train
MOL_06973,success,-9.11618884,-8.38739626,0.72879258,,train
MOL_98372,success,-9.27956517,-8.20474978,1.07481539,,train
MOL_67366,success,-9.07244276,-8.4403443,0.63209846,,train
MOL_46714,success,-9.35972603,-8.15087527,1.20885076,,train
MOL_31130,success,-9.14796118,-8.35851257,0.78944861,,train
MOL_92172,success,-9.27747958,-8.18399935,1.09348023,,train
MOL_19072,success,-8.8242433,-8.65234625,0.17189705,,train
MOL_15514,success,-9.14351946,-8.40463413,0.73888534,,train
MOL_48255,success,-9.2263045,-8.2763087,0.9499958,,train
MOL_61069,success,-9.12199598,-8.33480258,0.7871934,,train
MOL_82944,success,-8.82728321,-8.65297149,0.17431171,,train
MOL_46194,success,-8.96740481,-8.59616649,0.37123832,,train
MOL_88459,success,-9.42493868,-7.98713406,1.43780462,,train
MOL_09207,success,-9.30995515,-8.21555112,1.09440403,,train
MOL_76932,success,-9.30851614,-8.19014018,1.11837596,,train
MOL_25682,success,-8.98317291,-8.49687387,0.48629905,,train
MOL_37091,success,-8.79179635,-8.71745372,0.07434264,,train
MOL_78746,success,-9.317006,-8.10922778,1.20777823,,train
MOL_33148,success,-9.08261907,-8.43916447,0.6434546,,train
MOL_80305,success,-8.75371545,-8.72793148,0.02578397,,train
MOL_47518,success,-9.33010081,-8.17557083,1.15452999,,train
MOL_15663,success,-9.06828402,-8.47740228,0.59088174,,train
MOL_75732,success,-9.27831664,-8.25619034,1.0221263,,train
MOL_97695,success,-9.31006372,-8.20727097,1.10279276,,train
MOL_56090,success,-8.97730966,-8.54677111,0.43053856,,train
MOL_44159,success,-9.52222102,-7.91151334,1.61070769,,train
MOL_24106,success,-9.24422792,-8.22207472,1.0221532,,train
MOL_63280,success,-9.15041764,-8.35970076,0.79071688,,train
MOL_78789,success,-9.26815973,-8.21643914,1.05172059,,train
MOL_54493,success,-9.2398559,-8.28897793,0.95087797,,train
MOL_19621,success,-9.33963761,-8.09783968,1.24179793,,train
MOL_83801,success,-9.23425797,-8.26006569,0.97419228,,train
MOL_68809,success,-9.04057271,-8.47595139,0.56462133,,train
MOL_31948,success,-9.07193824,-8.50078202,0.57115621,,train
MOL_39456,success,-9.24811851,-8.20937284,1.03874567,,train
MOL_22032,success,-9.55819491,-7.85640081,1.7017941,,train
MOL_55030,success,-9.32793176,-8.14438282,1.18354894,,train
MOL_80325,success,-9.30916756,-8.16392876,1.1452388,,train
MOL_52500,success,-9.01073621,-8.53521503,0.47552118,,train
MOL_41282,success,-9.12894792,-8.38412615,0.74482177,,train
MOL_70352,success,-9.26824628,-8.22834657,1.03989971,,train
MOL_05692,success,-9.21974132,-8.25538206,0.96435926,,train
MOL_26371,success,-9.24310425,-8.26659438,0.97650987,,train
MOL_34260,success,-9.16792807,-8.31467438,0.85325368,,train
MOL_11040,success,-9.04071289,-8.36754487,0.67316802,,train
MOL_98385,success,-9.37128527,-8.08115264,1.29013263,,train
MOL_76971,success,-8.7790512,-8.70331849,0.07573271,,train
MOL_77048,success,-9.15077757,-8.35898821,0.79178936,,train
MOL_13043,success,-8.95761282,-8.58208486,0.37552796,,train
MOL_15842,success,-9.10529594,-8.41512184,0.6901741,,train
MOL_74366,success,-9.08909303,-8.36578191,0.72331112,,train
MOL_07282,success,-9.42340878,-8.0759992,1.34740958,,train
MOL_64206,success,-8.90857605,-8.59347867,0.31509738,,train
MOL_76657,success,-8.81153051,-8.70686581,0.10466471,,train
MOL_49091,success,-9.33687901,-8.08284091,1.2540381,,train
MOL_13848,success,-8.96351027,-8.58255796,0.38095232,,train
MOL_32333,success,-9.25945776,-8.20460782,1.05484994,,train
MOL_10345,success,-9.09197619,-8.45123294,0.64074325,,train
MOL_41394,success,-9.41221499,-8.08310058,1.32911441,,train
MOL_27722,success,-9.11440743,-8.39794304,0.71646438,,train
MOL_46519,success,-9.53962693,-7.89734409,1.64228284,,train
MOL_94565,success,-9.06942718,-8.40031475,0.66911243,,train
MOL_13812,success,-9.14841012,-8.4215707,0.72683942,,train
MOL_00972,success,-9.32541279,-8.13868147,1.18673131,,train
MOL_62317,success,-9.31613798,-8.1851983,1.13093968,,train
MOL_81416,success,-9.41808651,-7.94979867,1.46828784,,train
MOL_01830,success,-9.30439803,-8.21799198,1.08640605,,train
MOL_56171,success,-9.18349885,-8.32196468,0.86153416,,train
MOL_22015,success,-8.79181083,-8.67648144,0.11532939,,train
MOL_84379,success,-9.28610952,-8.20153562,1.0845739,,train
MOL_61559,success,-8.91790671,-8.59249124,0.32541548,,train
MOL_69994,success,-9.21524457,-8.26273902,0.95250555,,train
MOL_86215,success,-9.06773015,-8.44511997,0.62261018,,train
MOL_18941,success,-9.00773967,-8.52011296,0.4876267,,train
MOL_25253,success,-9.36802598,-8.08202076,1.28600521,,train
MOL_92186,success,-8.78382368,-8.75599891,0.02782477,,train
MOL_72539,success,-9.35652623,-8.01832656,1.33819967,,train
MOL_52176,success,-8.95026627,-8.47331516,0.47695111,,train
MOL_02906,success,-9.00070489,-8.56643033,0.43427457,,train
MOL_68530,success,-9.25565848,-8.21771239,1.0379461,,train
MOL_51161,success,-9.17764937,-8.38748029,0.79016907,,train
MOL_57082,success,-9.13535742,-8.4343291,0.70102833,,train
MOL_10971,success,-9.09482077,-8.36692063,0.72790014,,train
MOL_58038,success,-9.29615314,-8.19132259,1.10483055,,train
MOL_67418,success,-9.05199963,-8.3410759,0.71092372,,train
MOL_33123,success,-9.46978364,-7.9336058,1.53617785,,train
MOL_14177,success,-8.90280816,-8.5566682,0.34613997,,train
MOL_48583,success,-9.00960454,-8.47999898,0.52960556,,train
MOL_59342,success,-8.81453357,-8.78411225,0.03042132,,train
MOL_89285,success,-9.30538744,-8.21683373,1.0885537,,train
MOL_48709,success,-8.94386416,-8.61605265,0.32781151,,train
MOL_03038,success,-9.13788174,-8.36528617,0.77259557,,train
MOL_77870,success,-9.31555832,-8.20769754,1.10786078,,train
MOL_44660,success,-9.23688759,-8.3088,0.92808759,,train
MOL_54444,success,-9.17822745,-8.34181225,0.8364152,,train
MOL_68701,success,-9.3916411,-8.10635924,1.28528186,,train
MOL_08912,success,-9.21625903,-8.24246439,0.97379464,,train
MOL_05648,success,-9.14452921,-8.37727367,0.76725554,,train
MOL_11508,success,-9.06831279,-8.44915411,0.61915867,,train
MOL_47418,success,-9.01804588,-8.50899184,0.50905404,,train
MOL_72986,success,-9.01949347,-8.46028879,0.55920467,,train
MOL_39154,success,-9.33848746,-8.11165768,1.22682978,,train
MOL_25348,success,-9.35648532,-8.1058954,1.25058992,,train
MOL_61550,success,-9.31750279,-8.1843503,1.1331525,,train
MOL_87307,success,-9.49140558,-7.97271808,1.5186875,,train
MOL_47349,success,-8.92794563,-8.54372638,0.38421925,,train
MOL_85600,success,-9.14083443,-8.37575498,0.76507945,,train
MOL_56591,success,-9.15571358,-8.31686204,0.83885154,,train
MOL_60993,success,-9.17471462,-8.28456985,0.89014476,,train
MOL_36486,success,-9.13388046,-8.32717184,0.80670862,,train
MOL_71496,success,-9.05061432,-8.50623451,0.54437981,,train
MOL_70194,success,-9.19528522,-8.3116631,0.88362212,,train
MOL_58795,success,-8.87849134,-8.58000097,0.29849038,,train
MOL_76304,success,-9.02570739,-8.45910846,0.56659893,,train
MOL_76112,success,-9.13853169,-8.32797405,0.81055765,,train
MOL_61544,success,-9.19604943,-8.31828115,0.87776827,,train
MOL_14293,success,-9.14171595,-8.33104124,0.81067472,,train
MOL_66825,success,-9.08499888,-8.45150783,0.63349105,,train
MOL_25885,success,-9.34992459,-8.12857493,1.22134966,,train
MOL_36423,success,-9.32496122,-8.2235642,1.10139702,,train
MOL_08314,success,-9.43521376,-8.02057623,1.41463753,,train
MOL_57756,success,-9.29112607,-8.19680352,1.09432255,,train
MOL_84014,success,-9.1426641,-8.36426678,0.77839732,,train
MOL_52040,success,-8.98496416,-8.58341162,0.40155253,,train
MOL_43061,success,-9.12290414,-8.39477305,0.72813109,,train
MOL_64394,success,-9.23157687,-8.3022361,0.92934077,,train
MOL_48927,success,-9.36918694,-8.02037794,1.348809,,train
MOL_84169,success,-9.30312663,-8.16546284,1.13766379,,train
MOL_35720,success,-9.10318471,-8.44212893,0.66105578,,train
MOL_99873,success,-9.24957649,-8.23820837,1.01136813,,train
MOL_42236,success,-9.16158315,-8.31973612,0.84184703,,train
MOL_07776,success,-9.13748772,-8.35924471,0.77824302,,train
MOL_79230,success,-8.99028152,-8.50912106,0.48116046,,train
MOL_64567,success,-8.87724933,-8.56585519,0.31139415,,train
MOL_19713,success,-9.15366629,-8.34139618,0.8122701,,train
MOL_16966,success,-8.79900618,-8.72407384,0.07493234,,train
MOL_17150,success,-9.10552042,-8.39904518,0.70647525,,train
MOL_83225,success,-9.0347861,-8.43584546,0.59894064,,train
MOL_07227,success,-9.20450631,-8.26702909,0.93747722,,train
MOL_76842,success,-9.05211095,-8.48443811,0.56767284,,train
MOL_65987,success,-9.33807061,-8.11995069,1.21811992,,train
MOL_32243,success,-9.45996753,-8.05046242,1.40950511,,train
MOL_50692,success,-9.53115626,-7.93853577,1.59262049,,train
MOL_29206,success,-9.07462377,-8.44156511,0.63305866,,train
MOL_20695,success,-8.8146168,-8.70147524,0.11314156,,train
MOL_90988,success,-9.09167784,-8.37343778,0.71824007,,train
MOL_54259,success,-9.20473999,-8.30803268,0.89670732,,train
MOL_25220,success,-8.88197475,-8.69482983,0.18714492,,train
MOL_75626,success,-9.16899699,-8.35633801,0.81265898,,train
MOL_03452,success,-9.19776768,-8.14243399,1.0553337,,train
MOL_07775,success,-9.07478871,-8.4518227,0.622966,,train
MOL_00572,success,-8.82389415,-8.70769004,0.11620411,,train
MOL_98665,success,-9.17599736,-8.28603922,0.88995814,,train
MOL_67386,success,-9.29705963,-8.24025102,1.05680861,,train
MOL_36357,success,-9.24728147,-8.25323562,0.99404585,,train
MOL_39078,success,-9.39912733,-8.06191258,1.33721474,,train
MOL_48814,success,-8.96688497,-8.58939965,0.37748532,,train
MOL_27401,success,-9.13980171,-8.26075844,0.87904328,,train
MOL_45772,success,-9.30761754,-8.12832195,1.17929559,,train
MOL_08378,success,-8.79609579,-8.71666776,0.07942803,,train
MOL_18763,success,-9.14642846,-8.30162254,0.84480592,,train
MOL_17137,success,-9.58603661,-7.86073481,1.7253018,,train
MOL_58306,success,-9.11369518,-8.27662187,0.83707331,,train
MOL_50667,success,-9.13541514,-8.3327808,0.80263433,,train
MOL_84780,success,-9.24126172,-8.23170538,1.00955633,,train
MOL_15590,success,-9.25096525,-8.22138767,1.02957758,,train
MOL_19739,success,-8.93080385,-8.55923934,0.37156451,,train
MOL_24354,success,-9.41834635,-8.06524613,1.35310022,,train
MOL_74453,success,-9.24272975,-8.24310247,0.99962728,,train
MOL_68432,success,-8.98424837,-8.51344067,0.4708077,,train
MOL_38171,success,-9.15947829,-8.34348421,0.81599409,,train
MOL_02556,success,-8.98317879,-8.55440316,0.42877563,,train
MOL_90983,success,-9.31381208,-8.20606805,1.10774403,,train
MOL_52825,success,-9.10442635,-8.37234615,0.7320802,,train
MOL_58847,success,-9.29678131,-8.09532117,1.20146014,,train
MOL_54958,success,-9.32382791,-8.16692248,1.15690542,,train
MOL_25371,success,-8.97255488,-8.57276919,0.39978569,,train
MOL_57187,success,-8.88589628,-8.67080837,0.21508792,,train
MOL_36032,success,-9.17229627,-8.33362902,0.83866724,,train
MOL_60063,success,-8.90291677,-8.60471751,0.29819926,,train
MOL_59247,success,-9.19331476,-8.30020843,0.89310632,,train
MOL_06201,success,-8.94789515,-8.51685837,0.43103678,,train
MOL_77448,success,-9.32995718,-8.18077939,1.14917779,,train
MOL_10638,success,-9.50249377,-7.92468943,1.57780434,,train
MOL_87559,success,-8.93146443,-8.6152569,0.31620754,,train
MOL_70691,success,-9.14507578,-8.30205659,0.84301919,,train
MOL_88064,success,-9.16747357,-8.38661777,0.7808558,,train
MOL_24352,success,-9.23896846,-8.27958226,0.95938621,,train
MOL_23044,success,-9.10417418,-8.43585251,0.66832167,,train
MOL_71365,success,-9.42940934,-7.95945387,1.46995547,,train
MOL_23884,success,-9.11819783,-8.43948717,0.67871065,,train
MOL_73415,success,-9.27851816,-8.19699275,1.08152541,,train
MOL_65531,success,-8.98302159,-8.58922506,0.39379653,,train
MOL_49268,success,-9.49714679,-7.94957213,1.54757465,,train
MOL_37666,success,-9.17823452,-8.24333107,0.93490345,,train
MOL_38576,success,-9.110989,-8.45578878,0.65520022,,train
MOL_56803,success,-8.95531612,-8.55370991,0.4016062,,train
MOL_67905,success,-9.23673495,-8.30864835,0.92808661,,train
MOL_10701,success,-8.9688592,-8.53356664,0.43529256,,train
MOL_64803,success,-9.32222497,-8.1533914,1.16883357,,train
MOL_66919,success,-8.99742653,-8.52867659,0.46874994,,train
MOL_21658,success,-9.13367719,-8.40449117,0.72918603,,train
MOL_55561,success,-8.97211664,-8.56895564,0.403161,,train
MOL_55335,success,-9.16349419,-8.37341301,0.79008118,,train
MOL_97345,success,-9.34269635,-8.134499,1.20819734,,train
MOL_16295,success,-9.19454736,-8.33983778,0.85470958,,train
MOL_35594,success,-9.31654823,-8.22589945,1.09064878,,train
MOL_92184,success,-9.22374698,-8.24957788,0.9741691,,train
MOL_71374,success,-9.11699019,-8.37667319,0.74031701,,train
MOL_77626,success,-8.99729625,-8.5078932,0.48940305,,train
MOL_43312,success,-8.85334677,-8.70214545,0.15120131,,train
MOL_08423,success,-8.84169261,-8.70014472,0.14154789,,train
MOL_92366,success,-9.27530789,-8.22884142,1.04646647,,train
MOL_52141,success,-9.10700442,-8.28539217,0.82161225,,train
MOL_97762,success,-9.31446076,-8.13074671,1.18371405,,train
MOL_18499,success,-9.12506823,-8.32069413,0.8043741,,train
MOL_67693,success,-9.40364568,-8.02831266,1.37533303,,train
MOL_08321,success,-9.02781158,-8.48748107,0.54033052,,train
MOL_49001,success,-9.14652765,-8.38966721,0.75686045,,train
MOL_98606,success,-9.11857044,-8.3705443,0.74802614,,train
MOL_88050,success,-8.94098338,-8.60398367,0.33699971,,train
MOL_10570,success,-9.3677351,-8.17928802,1.18844708,,train
MOL_06937,success,-9.10690777,-8.44213171,0.66477606,,train
MOL_45441,success,-8.85819702,-8.63009154,0.22810549,,train
MOL_11939,success,-9.18006942,-8.34017371,0.83989571,,train
MOL_37518,success,-8.81962368,-8.68843137,0.13119231,,train
MOL_51450,success,-9.21350651,-8.26236914,0.95113737,,train
MOL_25966,success,-9.19220004,-8.27177677,0.92042327,,train
MOL_99124,success,-9.2584961,-8.19561179,1.0628843,,train
MOL_36402,success,-9.02621461,-8.51542755,0.51078706,,train
MOL_40459,success,-9.1519137,-8.34994157,0.80197213,,train
MOL_26819,success,-9.40317317,-8.11567755,1.28749562,,train
MOL_98414,success,-9.02823658,-8.44602409,0.58221249,,train
MOL_98405,success,-9.19061171,-8.23363091,0.95698079,,train
MOL_92677,success,-9.23178707,-8.21975601,1.01203106,,train
MOL_76903,success,-9.52020845,-7.90112597,1.61908249,,train
MOL_92133,success,-8.84121537,-8.6343631,0.20685226,,train
MOL_90674,success,-9.20146167,-8.23950635,0.96195532,,train
MOL_28410,success,-9.09416376,-8.39596844,0.69819533,,train
MOL_83086,success,-8.89860908,-8.73037667,0.16823241,,train
MOL_19497,success,-9.13100893,-8.3489385,0.78207044,,train
MOL_98728,success,-9.08326112,-8.47943454,0.60382657,,train
MOL_90615,success,-9.07575153,-8.38378512,0.69196641,,train
MOL_97348,success,-9.25598159,-8.27176923,0.98421236,,train
MOL_09519,success,-8.90030011,-8.67881886,0.22148125,,train
MOL_15033,success,-9.43032285,-8.05519562,1.37512723,,train
MOL_19058,success,-9.00429993,-8.52394671,0.48035321,,train
MOL_86787,success,-9.35241233,-8.14090029,1.21151204,,train
MOL_29598,success,-9.22646143,-8.23896069,0.98750074,,train
MOL_59574,success,-9.11630162,-8.37636297,0.73993865,,train
MOL_83587,success,-9.02684072,-8.48595725,0.54088346,,train
MOL_34441,success,-8.93402288,-8.58065149,0.35337139,,train
MOL_23975,success,-9.05627811,-8.42888411,0.627394,,train
MOL_64112,success,-9.09436921,-8.42065031,0.6737189,,train
MOL_36751,success,-9.07307906,-8.47771459,0.59536447,,train
MOL_35875,success,-9.03322077,-8.47338247,0.5598383,,train
MOL_05538,success,-9.1311399,-8.43890416,0.69223574,,train
MOL_28902,success,-9.1197031,-8.35096708,0.76873602,,train
MOL_12893,success,-9.4505514,-8.03562645,1.41492495,,train
MOL_65538,success,-8.91804402,-8.58096871,0.3370753,,train
MOL_46419,success,-9.03991037,-8.48859591,0.55131447,,train
MOL_96340,success,-9.16801092,-8.33379169,0.83421924,,train
MOL_39373,success,-8.94404991,-8.59486714,0.34918277,,train
MOL_34747,success,-9.42639817,-8.10267425,1.32372392,,train
MOL_43831,success,-9.20495629,-8.27391527,0.93104102,,train
MOL_19123,success,-8.86034048,-8.64284708,0.21749339,,train
MOL_60546,success,-9.19289567,-8.32619616,0.86669951,,train
MOL_35941,success,-9.05632312,-8.38163264,0.67469048,,train
MOL_71474,success,-9.13645998,-8.31835917,0.81810081,,train
MOL_75351,success,-8.99894565,-8.55143118,0.44751447,,train
MOL_90805,success,-9.14970818,-8.39125392,0.75845426,,train
MOL_61961,success,-9.37487294,-8.05801709,1.31685585,,train
MOL_94411,success,-8.88217868,-8.63900853,0.24317015,,train
MOL_09932,success,-9.33222031,-8.10998205,1.22223827,,train
MOL_97733,success,-9.12041965,-8.39336792,0.72705173,,train
MOL_92676,success,-8.97981857,-8.51740601,0.46241257,,train
MOL_96163,success,-9.52883405,-7.92157722,1.60725683,,train
MOL_17000,success,-8.83630252,-8.67051729,0.16578523,,train
MOL_02653,success,-9.28897169,-8.12141893,1.16755275,,train
MOL_66660,success,-9.37483475,-8.12789953,1.24693522,,train
MOL_71032,success,-9.27212884,-8.20696049,1.06516835,,train
MOL_89829,success,-9.09445273,-8.38189452,0.71255821,,train
MOL_19788,success,-9.03549927,-8.47295311,0.56254615,,train
MOL_05986,success,-9.07384053,-8.44204044,0.6318001,,train
MOL_97898,success,-8.90129566,-8.66220781,0.23908785,,train
MOL_86756,success,-9.47241083,-8.0062175,1.46619333,,train
MOL_98239,success,-9.32631213,-8.12413727,1.20217486,,train
MOL_78694,success,-8.93611345,-8.57730328,0.35881016,,train
MOL_63533,success,-9.38168836,-8.10863257,1.27305579,,train
MOL_76271,success,-9.40653277,-7.97476606,1.43176672,,train
MOL_52139,success,-9.0307099,-8.45331874,0.57739116,,train
MOL_20004,success,-9.05079937,-8.44262135,0.60817803,,train
MOL_07711,success,-9.06474104,-8.52159914,0.5431419,,train
MOL_73567,success,-8.90809191,-8.59458023,0.31351168,,train
MOL_07124,success,-8.92980643,-8.60873389,0.32107254,,train
MOL_54829,success,-9.25466804,-8.31138687,0.94328116,,train
MOL_13428,success,-9.30103937,-8.18744311,1.11359626,,train
MOL_60233,success,-9.20549281,-8.2681397,0.93735312,,train
MOL_88350,success,-9.47028079,-7.98967958,1.48060121,,train
MOL_13483,success,-9.21664953,-8.29800127,0.91864826,,train
MOL_76416,success,-8.86622503,-8.67217812,0.1940469,,train
MOL_33290,success,-8.94713421,-8.52611661,0.4210176,,train
MOL_11065,success,-9.21432638,-8.32287812,0.89144826,,train
MOL_51099,success,-9.2409621,-8.20538083,1.03558126,,train
MOL_20706,success,-9.27221133,-8.19816566,1.07404567,,train
MOL_73252,success,-9.30684762,-8.20846365,1.09838397,,train
MOL_12059,success,-9.1599202,-8.31324103,0.84667917,,train
MOL_06534,success,-8.84058482,-8.70931056,0.13127426,,train
MOL_94192,success,-9.29609868,-8.24825492,1.04784377,,train
MOL_47103,success,-8.80889053,-8.68972993,0.1191606,,train
MOL_05088,success,-8.9351889,-8.59020553,0.34498337,,train
MOL_70520,success,-9.05365071,-8.45948471,0.594166,,train
MOL_07060,success,-9.22613588,-8.21807316,1.00806273,,train
MOL_95877,success,-9.2418345,-8.22672075,1.01511375,,train
MOL_19082,success,-9.17727736,-8.39408608,0.78319128,,train
MOL_99076,success,-9.28811501,-8.18021905,1.10789596,,train
MOL_75892,success,-9.30727245,-8.18746831,1.11980414,,train
MOL_82379,success,-9.06519586,-8.3587942,0.70640166,,train
MOL_42108,success,-8.80110426,-8.67960642,0.12149783,,train
MOL_96162,success,-9.44700448,-8.03090023,1.41610425,,train
MOL_54002,success,-9.26970792,-8.22548135,1.04422657,,train
MOL_54323,success,-9.18098011,-8.32925678,0.85172332,,train
MOL_01428,success,-9.27771646,-8.25485311,1.02286335,,train
MOL_42006,success,-9.3252511,-8.18628454,1.13896656,,train
MOL_28851,success,-9.35943352,-8.02853768,1.33089583,,train
MOL_95498,success,-9.11125794,-8.38919042,0.72206753,,train
MOL_23788,success,-9.12361572,-8.40234337,0.72127235,,train
MOL_40174,success,-9.35241566,-8.08534624,1.26706942,,train
MOL_56164,success,-9.08889492,-8.46936429,0.61953063,,train
MOL_35186,success,-9.10457788,-8.37564908,0.7289288,,train
MOL_19209,success,-9.1614128,-8.30611956,0.85529325,,train
MOL_53841,success,-8.9850075,-8.47711633,0.50789117,,train
MOL_16489,success,-9.15385319,-8.38629653,0.76755666,,train
MOL_17105,success,-9.24430071,-8.23300439,1.01129632,,train
MOL_27926,success,-9.12857433,-8.37298076,0.75559357,,train
MOL_47654,success,-9.26571123,-8.23528492,1.03042631,,train
MOL_31665,success,-9.18033568,-8.277154,0.90318168,,train
MOL_82543,success,-9.0752211,-8.48616482,0.58905629,,train
MOL_62156,success,-9.3784783,-8.05249752,1.32598078,,train
MOL_89230,success,-9.272614,-8.18865604,1.08395796,,train
MOL_44432,success,-9.29827795,-8.14456374,1.15371422,,train
MOL_35358,success,-9.01912413,-8.42903504,0.59008908,,train
MOL_62558,success,-9.38324682,-8.08803083,1.29521599,,train
MOL_60245,success,-8.9833531,-8.50059954,0.48275356,,train
MOL_15251,success,-9.19740816,-8.33815846,0.8592497,,train
MOL_57441,success,-9.05982129,-8.40604194,0.65377936,,train
MOL_56144,success,-9.09451685,-8.40097343,0.69354343,,train
MOL_85318,success,-8.76717082,-8.65653725,0.11063358,,train
MOL_98352,success,-9.01388179,-8.49539898,0.5184828,,train
MOL_92499,success,-9.234602,-8.2312309,1.00337109,,train
MOL_43974,success,-9.44636015,-7.99433807,1.45202208,,train
MOL_02544,success,-8.88368943,-8.60984885,0.27384058,,train
MOL_89802,success,-9.46809958,-7.94603472,1.52206486,,train
MOL_15226,success,-8.9345681,-8.64059268,0.29397543,,train
MOL_40582,success,-9.31135691,-8.19569596,1.11566095,,train
MOL_59794,success,-8.94905269,-8.57364332,0.37540937,,train
MOL_23359,success,-9.03766624,-8.48098138,0.55668486,,train
MOL_73149,success,-9.27211689,-8.21194173,1.06017516,,train
MOL_21074,success,-9.24942274,-8.23486671,1.01455603,,train
MOL_77025,success,-9.17375175,-8.25718909,0.91656266,,train
MOL_13788,success,-9.40688874,-7.81548136,1.59140738,,train
MOL_82812,success,-9.35855352,-8.1111522,1.24740132,,train
MOL_56046,success,-8.92558339,-8.61964428,0.30593911,,train
MOL_42892,success,-9.14117505,-8.36587788,0.77529716,,train
MOL_94328,success,-8.91908003,-8.58381477,0.33526527,,train
MOL_14959,success,-8.9683723,-8.55169847,0.41667384,,train
MOL_85190,success,-9.00021185,-8.55873921,0.44147263,,train
MOL_17213,success,-9.00205534,-8.50839469,0.49366065,,train
MOL_27009,success,-8.87440168,-8.58935985,0.28504183,,train
MOL_11148,success,-9.48923169,-7.97233404,1.51689765,,train
MOL_18178,success,-8.92950257,-8.51736631,0.41213626,,train
MOL_19192,success,-8.7803902,-8.76144772,0.01894248,,train
MOL_14752,success,-9.00905237,-8.50673574,0.50231663,,train
MOL_35595,success,-8.85262993,-8.68695564,0.16567429,,train
MOL_22381,success,-9.22898636,-8.26694213,0.96204424,,train
MOL_86163,success,-9.35723297,-8.09021632,1.26701665,,train
MOL_42142,success,-9.28937553,-8.14044197,1.14893356,,train
MOL_10950,success,-9.17970053,-8.29758461,0.88211592,,train
MOL_96496,success,-9.01236785,-8.48656914,0.52579871,,train
MOL_68288,success,-9.05148112,-8.45086866,0.60061246,,train
MOL_87571,success,-9.21445107,-8.30180032,0.91265075,,train
MOL_90898,success,-9.02011232,-8.4997703,0.52034202,,train
MOL_90149,success,-9.36960299,-8.1102201,1.25938289,,train
MOL_18422,success,-9.36123014,-8.07677845,1.28445168,,train
MOL_04196,success,-9.29697393,-8.19479789,1.10217604,,train
MOL_09888,success,-8.9952886,-8.51975114,0.47553746,,train
MOL_99845,success,-8.8807545,-8.58930964,0.29144485,,train
MOL_97424,success,-8.9228308,-8.62772133,0.29510947,,train
MOL_09738,success,-8.8685522,-8.71922487,0.14932733,,train
MOL_40355,success,-8.97731796,-8.58890299,0.38841497,,train
MOL_99103,success,-9.39864801,-7.97286332,1.42578468,,train
MOL_35977,success,-9.14826726,-8.29755646,0.8507108,,train
MOL_83924,success,-9.22855261,-8.2348426,0.99371001,,train
MOL_68406,success,-9.23172764,-8.24051016,0.99121748,,train
MOL_67533,success,-8.91293541,-8.65844688,0.25448853,,train
MOL_74285,success,-9.36848016,-8.0597438,1.30873636,,train
MOL_52678,success,-9.22987986,-8.30021478,0.92966508,,train
MOL_74101,success,-8.94547907,-8.53145867,0.4140204,,train
MOL_20550,success,-9.18148647,-8.29886336,0.88262311,,train
MOL_15491,success,-9.20384072,-8.2218859,0.98195482,,train
MOL_90226,success,-9.08533999,-8.42479189,0.6605481,,train
MOL_78934,success,-9.06564767,-8.4055907,0.66005697,,train
MOL_42422,success,-8.99853691,-8.45983487,0.53870204,,train
MOL_32828,success,-9.32920618,-8.09162526,1.23758092,,train
MOL_10558,success,-8.96227015,-8.5663908,0.39587934,,train
MOL_35240,success,-8.97070089,-8.55998341,0.41071749,,train
MOL_00428,success,-9.24028669,-8.24095151,0.99933518,,train
MOL_78982,success,-8.86329191,-8.65415668,0.20913523,,train
MOL_95558,success,-9.17933116,-8.35067115,0.82866,,train
MOL_09706,success,-9.29364328,-8.182135,1.11150828,,train
MOL_83723,success,-9.22743826,-8.22475532,1.00268294,,train
MOL_13871,success,-9.59167512,-7.88569931,1.70597581,,train
MOL_54886,success,-8.9696799,-8.54866452,0.42101538,,train
MOL_74266,success,-9.22427889,-8.32415337,0.90012552,,train
MOL_32322,success,-8.89322385,-8.58295872,0.31026513,,train
MOL_69621,success,-9.52446351,-7.92764204,1.59682147,,train
MOL_66417,success,-8.98715885,-8.48582067,0.50133819,,train
MOL_77157,success,-9.50587993,-7.86965728,1.63622265,,train
MOL_19973,success,-9.2624831,-8.24692593,1.01555717,,train
MOL_63951,success,-9.23961936,-8.21909571,1.02052366,,train
MOL_18551,success,-9.06333121,-8.4067522,0.65657901,,train
MOL_81523,success,-9.30115974,-8.15257148,1.14858826,,train
MOL_59413,success,-9.1368921,-8.43353781,0.7033543,,train
MOL_91467,success,-9.00042344,-8.48962892,0.51079451,,train
MOL_67413,success,-8.98820002,-8.5033117,0.48488832,,train
MOL_15848,success,-8.88748496,-8.51298487,0.37450009,,train
MOL_28152,success,-8.77053372,-8.74782761,0.0227061,,train
MOL_10352,success,-9.21415872,-8.31264235,0.90151637,,train
MOL_29239,success,-9.39016653,-8.07503204,1.31513449,,train
MOL_76702,success,-9.3848822,-8.06539009,1.31949211,,train
MOL_14098,success,-9.09188994,-8.37980361,0.71208633,,train
MOL_79426,success,-8.90646825,-8.58816728,0.31830097,,train
MOL_19520,success,-9.3328528,-8.20839911,1.1244537,,train
MOL_22885,success,-9.13960841,-8.38123946,0.75836895,,train
MOL_18798,success,-9.08444392,-8.44064048,0.64380344,,train
MOL_02791,success,-9.05631925,-8.42935656,0.62696269,,train
MOL_68487,success,-9.01612823,-8.49089829,0.52522994,,train
MOL_32929,success,-8.88809895,-8.61649516,0.27160378,,train
MOL_90186,success,-9.03859416,-8.47762172,0.56097244,,train
MOL_67044,success,-9.29477089,-8.18843589,1.106335,,train
MOL_65515,success,-9.10568198,-8.41461449,0.69106749,,train
MOL_94044,success,-8.87897752,-8.5141292,0.36484832,,train
MOL_69449,success,-9.26945859,-8.2527042,1.01675439,,train
MOL_33509,success,-8.80994997,-8.67319662,0.13675335,,train
MOL_81476,success,-8.9051084,-8.63257,0.2725384,,train
MOL_81543,success,-9.21017044,-8.19600565,1.0141648,,train
MOL_54233,success,-9.14847739,-8.2704904,0.877987,,train
MOL_38952,success,-9.32528256,-8.12827327,1.19700929,,train
MOL_76211,success,-9.3792914,-8.0600839,1.3192075,,train
MOL_08684,success,-8.98502417,-8.51356093,0.47146324,,train
MOL_69080,success,-9.36542747,-8.12976423,1.23566324,,train
MOL_81812,success,-9.01265303,-8.57181849,0.44083455,,train
MOL_24683,success,-9.29616616,-8.19701795,1.09914821,,train
MOL_78936,success,-9.0140001,-8.48442923,0.52957087,,train
MOL_87160,success,-9.20627408,-8.29585394,0.91042014,,train
MOL_35942,success,-9.35707269,-8.12988602,1.22718667,,train
MOL_22024,success,-9.25017523,-8.25775291,0.99242231,,train
MOL_90573,success,-9.24364066,-8.21049385,1.03314681,,train
MOL_76388,success,-9.35342923,-8.0721621,1.28126713,,train
MOL_98602,success,-9.27571859,-8.13080347,1.14491513,,train
MOL_59787,success,-8.94876392,-8.55015666,0.39860726,,train
MOL_58768,success,-9.28995514,-8.14037339,1.14958174,,train
MOL_22649,success,-8.9360341,-8.5897804,0.34625371,,train
MOL_25302,success,-8.84970301,-8.68596555,0.16373746,,train
MOL_14986,success,-9.4371103,-7.95507484,1.48203546,,train
MOL_24052,success,-9.26498022,-8.18653374,1.07844648,,train
MOL_68339,success,-9.32171117,-8.15581654,1.16589463,,train
MOL_24117,success,-9.31097612,-8.20987501,1.10110111,,train
MOL_13555,success,-9.23368684,-8.24729978,0.98638706,,train
MOL_23319,success,-8.88845377,-8.64813859,0.24031518,,train
MOL_73575,success,-9.07118237,-8.50428379,0.56689858,,train
MOL_13621,success,-9.43057465,-7.9647991,1.46577555,,train
MOL_87277,success,-9.17953647,-8.24662455,0.93291192,,train
MOL_77053,success,-8.93468329,-8.52107337,0.41360992,,train
MOL_61531,success,-8.9349402,-8.54246878,0.39247142,,train
MOL_99529,success,-9.06134724,-8.44254441,0.61880283,,train
MOL_23831,success,-8.79402028,-8.74108614,0.05293414,,train
MOL_67317,success,-8.93371202,-8.58668727,0.34702476,,train
MOL_49785,success,-8.92766958,-8.63287999,0.29478959,,train
MOL_04819,success,-9.04522666,-8.47951387,0.56571279,,train
MOL_59830,success,-9.03934016,-8.4977523,0.54158786,,train
MOL_68623,success,-8.99186263,-8.5556492,0.43621343,,train
MOL_23090,success,-9.18061646,-8.25932078,0.92129568,,train
MOL_62659,success,-9.3301456,-8.15348453,1.17666106,,train
MOL_12633,success,-9.32641179,-8.10991318,1.2164986,,train
MOL_40518,success,-9.02548402,-8.52031086,0.50517316,,train
MOL_07322,success,-9.03732428,-8.395049,0.64227528,,train
MOL_58996,success,-8.99890135,-8.45949824,0.5394031,,train
MOL_30959,success,-8.75637071,-8.73783071,0.01854,,train
MOL_10285,success,-9.18013575,-8.29439652,0.88573923,,train
MOL_70104,success,-9.12025913,-8.43562793,0.6846312,,train
MOL_60008,success,-8.79882248,-8.7101617,0.08866078,,train
MOL_74425,success,-9.07419275,-8.45834705,0.6158457,,train
MOL_13893,success,-9.32656783,-8.1657504,1.16081743,,train
MOL_85819,success,-9.4070197,-8.01549125,1.39152845,,train
MOL_10066,success,-9.28911307,-8.18194951,1.10716356,,train
MOL_92090,success,-9.04740986,-8.47428577,0.57312409,,train
MOL_44278,success,-9.13002501,-8.34497638,0.78504863,,train
MOL_39517,success,-9.28353214,-8.19616495,1.08736718,,train
MOL_38003,success,-9.31804043,-8.15403362,1.1640068,,train
MOL_66789,success,-9.09194842,-8.485013,0.60693542,,train
MOL_53689,success,-9.22109463,-8.26570275,0.95539187,,train
MOL_78798,success,-9.24590568,-8.25997969,0.98592599,,train
MOL_90278,success,-9.11805569,-8.34316968,0.77488601,,train
MOL_82627,success,-8.87254692,-8.62364909,0.24889782,,train
MOL_51935,success,-9.47799969,-7.90612765,1.57187204,,train
MOL_40841,success,-9.22581741,-8.2604218,0.9653956,,train
MOL_95630,success,-9.30885216,-8.1465366,1.16231556,,train
MOL_61108,success,-9.22032118,-8.29613936,0.92418182,,train
MOL_36347,success,-9.26512239,-8.17774712,1.08737527,,train
MOL_98562,success,-9.22508531,-8.27279644,0.95228886,,train
MOL_39199,success,-9.1075429,-8.39676803,0.71077487,,train
MOL_31718,success,-8.8154913,-8.74453623,0.07095507,,train
MOL_84605,success,-8.99550753,-8.50977299,0.48573455,,train
MOL_29421,success,-9.27940326,-8.09043819,1.18896508,,train
MOL_59354,success,-9.40589052,-8.01098266,1.39490786,,train
MOL_16111,success,-9.12060872,-8.46019601,0.66041271,,train
MOL_32989,success,-9.04687173,-8.45154564,0.59532609,,train
MOL_29973,success,-9.09715514,-8.42907305,0.66808209,,train
MOL_40068,success,-9.36513783,-8.08960431,1.27553352,,train
MOL_35781,success,-9.09256744,-8.43315741,0.65941002,,train
MOL_95790,success,-9.15971502,-8.28396879,0.87574624,,train
MOL_51840,success,-9.00009789,-8.54998764,0.45011025,,train
MOL_84434,success,-9.26417762,-8.165961,1.09821662,,train
MOL_90342,success,-9.1300237,-8.30365016,0.82637354,,train
MOL_81842,success,-9.09201043,-8.45999096,0.63201946,,train
MOL_41473,success,-9.1202333,-8.36352455,0.75670876,,train
MOL_36556,success,-8.77734952,-8.70872694,0.06862258,,train
MOL_74628,success,-9.33462986,-8.09493318,1.23969668,,train
MOL_04197,success,-9.60972854,-7.89772086,1.71200768,,train
MOL_55356,success,-9.22228751,-8.19309566,1.02919185,,train
MOL_29507,success,-9.18654586,-8.25881194,0.92773393,,train
MOL_05206,success,-9.17845215,-8.30218523,0.87626692,,train
MOL_09148,success,-9.48893271,-7.90688086,1.58205184,,train
MOL_63831,success,-9.30212307,-8.12892862,1.17319445,,train
MOL_76918,success,-9.35375912,-8.12415519,1.22960394,,train
MOL_08504,success,-8.78341964,-8.76188039,0.02153925,,train
MOL_90619,success,-9.1675457,-8.33967542,0.82787028,,train
MOL_82701,success,-9.07690078,-8.4619981,0.61490268,,train
MOL_14644,success,-8.93717265,-8.54311137,0.39406128,,train
MOL_75127,success,-9.29124948,-8.21690483,1.07434465,,train
MOL_47875,success,-8.97023913,-8.55764452,0.41259461,,train
MOL_91140,success,-9.11699431,-8.315466,0.80152832,,train
MOL_09413,success,-9.00757876,-8.54339903,0.46417973,,train
MOL_33356,success,-9.09542171,-8.34667034,0.74875137,,train
MOL_29672,success,-9.47116358,-7.96966793,1.50149565,,train
MOL_79553,success,-9.24862733,-8.32268275,0.92594458,,train
MOL_49522,success,-8.88288683,-8.57584673,0.3070401,,train
MOL_86196,success,-9.02726526,-8.49070254,0.53656272,,train
MOL_68014,success,-8.98940505,-8.55934842,0.43005662,,train
MOL_18099,success,-8.96319959,-8.48351042,0.47968917,,train
MOL_69434,success,-8.89674292,-8.63547444,0.26126848,,train
MOL_65131,success,-8.94430674,-8.58087606,0.36343068,,train
MOL_52127,success,-9.28199463,-8.21485728,1.06713735,,train
MOL_00321,success,-9.11661015,-8.35195057,0.76465958,,train
MOL_64228,success,-9.27780998,-8.21698774,1.06082223,,train
MOL_81983,success,-9.43818392,-8.06566494,1.37251899,,train
MOL_15791,success,-8.98132056,-8.48015777,0.50116279,,train
MOL_42941,success,-9.40432694,-8.09303411,1.31129283,,train
MOL_23511,success,-9.10798688,-8.47929524,0.62869163,,train
MOL_91063,success,-8.95425567,-8.55070814,0.40354753,,train
MOL_31411,success,-9.50357818,-7.90872285,1.59485533,,train
MOL_61954,success,-9.10385595,-8.41333147,0.69052448,,train
MOL_79457,success,-9.12258624,-8.27366615,0.8489201,,train
MOL_14665,success,-9.47914818,-8.0200026,1.45914558,,train
MOL_94104,success,-8.96189959,-8.56215958,0.39974,,train
MOL_00106,success,-8.97191643,-8.49015638,0.48176005,,train
MOL_98533,success,-9.10633027,-8.41096335,0.69536692,,train
MOL_74239,success,-9.24015644,-8.30457054,0.9355859,,train
MOL_18784,success,-9.32771511,-8.03655479,1.29116032,,train
MOL_48101,success,-9.13367655,-8.36342685,0.7702497,,train
MOL_50717,success,-9.58180718,-7.86373467,1.71807251,,train
MOL_53079,success,-8.85173609,-8.72140183,0.13033427,,train
MOL_29326,success,-9.24985021,-8.33981416,0.91003605,,train
MOL_09555,success,-9.29173687,-8.20536226,1.08637461,,train
MOL_60650,success,-8.94319589,-8.53902636,0.40416953,,train
MOL_13603,success,-9.48091136,-7.9382391,1.54267226,,train
MOL_87891,success,-8.96066148,-8.63929349,0.32136799,,train
MOL_30528,success,-8.94038151,-8.64261535,0.29776616,,train
MOL_73134,success,-9.17924377,-8.25454503,0.92469874,,train
MOL_32084,success,-9.0830017,-8.44671465,0.63628705,,train
MOL_19815,success,-9.29921687,-8.18063491,1.11858195,,train
MOL_61306,success,-8.78476763,-8.70312071,0.08164691,,train
MOL_39190,success,-9.30938695,-8.19738903,1.11199793,,train
MOL_17013,success,-9.06976007,-8.42734091,0.64241917,,train
MOL_81345,success,-9.26602863,-8.20205149,1.06397714,,train
MOL_44181,success,-9.23054805,-8.31010583,0.92044221,,train
MOL_06853,success,-9.05104613,-8.40432556,0.64672058,,train
MOL_09197,success,-9.07152704,-8.38867286,0.68285418,,train
MOL_35709,success,-9.30954098,-8.23531706,1.07422392,,train
MOL_09037,success,-9.13693287,-8.34370523,0.79322765,,train
MOL_81259,success,-9.233685,-8.28926333,0.94442166,,train
MOL_14062,success,-9.21484544,-8.22430087,0.99054457,,train
MOL_12407,success,-9.29939629,-8.16690053,1.13249576,,train
MOL_86199,success,-9.26680735,-8.15311545,1.1136919,,train
MOL_55244,success,-9.25212988,-8.27636891,0.97576097,,train
MOL_26353,success,-9.37233005,-8.10528698,1.26704307,,train
MOL_98083,success,-9.16780064,-8.31454261,0.85325803,,train
MOL_07303,success,-9.35697045,-8.08998084,1.26698961,,train
MOL_90878,success,-9.16003269,-8.32013764,0.83989505,,train
MOL_22120,success,-8.93484702,-8.6087523,0.32609472,,train
MOL_27172,success,-9.29666273,-8.25088578,1.04577695,,train
MOL_76193,success,-9.39308839,-8.08942146,1.30366692,,train
MOL_67545,success,-9.42364158,-8.12452438,1.2991172,,train
MOL_28097,success,-8.8315894,-8.72494031,0.10664909,,train
MOL_22211,success,-9.26288464,-8.18920714,1.0736775,,train
MOL_75287,success,-9.27128423,-8.18040601,1.09087822,,train
MOL_28259,success,-9.2449179,-8.18061559,1.06430232,,train
MOL_96177,success,-9.35571884,-8.09216296,1.26355588,,train
MOL_90475,success,-9.45787163,-7.93297085,1.52490078,,train
MOL_33862,success,-9.31911641,-8.15184143,1.16727498,,train
MOL_52145,success,-8.82130289,-8.64223081,0.17907208,,train
MOL_99137,success,-9.04469628,-8.49998723,0.54470905,,train
MOL_49927,success,-9.01901093,-8.47733959,0.54167134,,train
MOL_74299,success,-9.27861103,-8.16958479,1.10902624,,train
MOL_75015,success,-9.14048795,-8.34247615,0.7980118,,train
MOL_18429,success,-9.20617517,-8.29167587,0.9144993,,train
MOL_99246,success,-9.04985194,-8.4890354,0.56081654,,train
MOL_94642,success,-8.9718448,-8.48316116,0.48868364,,train
MOL_41754,success,-9.59343071,-7.79249006,1.80094065,,train
MOL_52844,success,-9.43627584,-8.03245242,1.40382342,,train
MOL_59149,success,-9.13392516,-8.41960666,0.71431849,,train
MOL_97090,success,-9.18901793,-8.34758374,0.84143418,,train
MOL_18925,success,-9.27413276,-8.18676858,1.08736419,,train
MOL_96203,success,-9.26080888,-8.20918344,1.05162543,,train
MOL_43868,success,-9.21735595,-8.24481648,0.97253947,,train
MOL_32399,success,-9.39554919,-8.10638046,1.28916873,,train
MOL_93554,success,-8.8430375,-8.67807725,0.16496025,,train
MOL_28994,success,-9.20021983,-8.26687887,0.93334097,,train
MOL_74629,success,-9.14104682,-8.38210644,0.75894038,,train
MOL_20583,success,-8.97254256,-8.4795609,0.49298166,,train
MOL_35286,success,-9.33782068,-8.13068759,1.20713309,,train
MOL_63884,success,-9.52801005,-7.94403876,1.58397129,,train
MOL_20024,success,-8.81272326,-8.65489988,0.15782338,,train
MOL_91570,success,-9.37116504,-8.05643233,1.31473272,,train
MOL_67519,success,-9.31616092,-8.14453949,1.17162143,,train
MOL_05743,success,-9.58770411,-7.88962589,1.69807822,,train
MOL_20827,success,-9.24215443,-8.25865115,0.98350328,,train
MOL_36814,success,-9.24163854,-8.23475426,1.00688429,,train
MOL_79416,success,-9.1059822,-8.37690928,0.72907292,,train
MOL_01170,success,-9.04357997,-8.42338037,0.6201996,,train
MOL_88398,success,-9.00518102,-8.54189492,0.4632861,,train
MOL_86496,success,-9.24806309,-8.28616378,0.9618993,,train
MOL_35421,success,-9.40684273,-8.13537318,1.27146955,,train
MOL_22559,success,-8.87947293,-8.64415699,0.23531593,,train
MOL_72630,success,-8.97415854,-8.50158069,0.47257785,,train
MOL_17474,success,-9.0514002,-8.432711,0.6186892,,train
MOL_38722,success,-9.36976671,-8.06074998,1.30901673,,train
MOL_11557,success,-9.32543666,-8.15959736,1.16583931,,train
MOL_79563,success,-8.99712532,-8.50830711,0.48881821,,train
MOL_27999,success,-9.0146454,-8.48658757,0.52805784,,train
MOL_73017,success,-9.1716746,-8.30668786,0.86498673,,train
MOL_95045,success,-8.93139673,-8.56106145,0.37033527,,train
MOL_89652,success,-8.96862168,-8.48893122,0.47969046,,train
MOL_50966,success,-8.95747459,-8.50731832,0.45015626,,train
MOL_93941,success,-8.93010802,-8.59004926,0.34005876,,train
MOL_99852,success,-9.41183166,-8.06594304,1.34588862,,train
MOL_09754,success,-9.41829357,-8.05806906,1.3602245,,train
MOL_48736,success,-9.07829848,-8.42218574,0.65611274,,train
MOL_84104,success,-8.93620816,-8.62565056,0.3105576,,train
MOL_42375,success,-9.15261336,-8.39112623,0.76148713,,train
MOL_27826,success,-9.25790683,-8.10807737,1.14982946,,train
MOL_74436,success,-9.17102552,-8.33624603,0.83477949,,train
MOL_49963,success,-9.3282886,-8.0299127,1.2983759,,train
MOL_56813,success,-9.07645606,-8.40706407,0.66939199,,train
MOL_80845,success,-9.08230144,-8.34255911,0.73974232,,train
MOL_82261,success,-9.09882133,-8.40230014,0.69652119,,train
MOL_17007,success,-9.24448615,-8.24365745,1.0008287,,train
MOL_55642,success,-9.2186741,-8.24865083,0.97002328,,train
MOL_95119,success,-9.28679178,-8.23075539,1.05603639,,train
MOL_29705,success,-9.39709479,-8.05849521,1.33859957,,train
MOL_87627,success,-8.8721798,-8.73893238,0.13324742,,train
MOL_87220,success,-9.39726435,-8.05902744,1.33823691,,train
MOL_42791,success,-9.17297207,-8.31151176,0.86146031,,train
MOL_04034,success,-9.20139255,-8.28901532,0.91237722,,train
MOL_52674,success,-9.08606811,-8.42620382,0.65986429,,train
MOL_23812,success,-8.94716461,-8.60938916,0.33777545,,train
MOL_52561,success,-9.240096,-8.21872553,1.02137047,,train
MOL_08942,success,-8.91050772,-8.47643715,0.43407057,,train
MOL_24717,success,-9.42261181,-8.05809139,1.36452042,,train
MOL_88701,success,-9.48728005,-7.99163648,1.49564357,,train
MOL_18356,success,-9.17220166,-8.33487467,0.83732699,,train
MOL_28065,success,-9.16802114,-8.31535501,0.85266613,,train
MOL_01752,success,-8.8874803,-8.60597794,0.28150236,,train
MOL_57508,success,-9.13065434,-8.409048,0.72160634,,train
MOL_53348,success,-9.46165084,-8.0211527,1.44049814,,train
MOL_51687,success,-9.35444301,-8.06632002,1.288123,,train
MOL_16718,success,-9.13653941,-8.33862172,0.79791769,,train
MOL_70600,success,-9.30372762,-8.10637529,1.19735233,,train
MOL_19061,success,-8.87862783,-8.62254738,0.25608045,,train
MOL_14949,success,-9.004629,-8.46849228,0.53613672,,train
MOL_51773,success,-9.40735322,-8.07142853,1.3359247,,train
MOL_04847,success,-8.90160695,-8.66374835,0.2378586,,train
MOL_34158,success,-8.88766455,-8.69643372,0.19123083,,train
MOL_33030,success,-9.11864913,-8.38261716,0.73603197,,train
MOL_18104,success,-9.40363208,-8.05970661,1.34392547,,train
MOL_76728,success,-9.30313385,-8.23567984,1.06745401,,train
MOL_30437,success,-8.83093865,-8.69966419,0.13127446,,train
MOL_67162,success,-9.07568341,-8.39001048,0.68567293,,train
MOL_56272,success,-9.36825454,-8.06318018,1.30507436,,train
MOL_71410,success,-8.99896287,-8.54062075,0.45834212,,train
MOL_39786,success,-9.03886924,-8.39463068,0.64423856,,train
MOL_46797,success,-9.2628888,-8.20156402,1.06132478,,train
MOL_41231,success,-9.31428966,-8.18584437,1.1284453,,train
MOL_26163,success,-9.48685482,-7.97082068,1.51603414,,train
MOL_14428,success,-9.27649427,-8.19814699,1.07834728,,train
MOL_61542,success,-9.59052384,-7.74834733,1.84217651,,train
MOL_00718,success,-9.21253206,-8.2460741,0.96645797,,train
MOL_99751,success,-9.31153982,-8.21424231,1.09729751,,train
MOL_36749,success,-8.86787869,-8.66204859,0.2058301,,train
MOL_66276,success,-9.236212,-8.20562193,1.03059007,,train
MOL_36311,success,-9.20931665,-8.28210956,0.92720708,,train
MOL_08812,success,-8.935002,-8.54310633,0.39189567,,train
MOL_53105,success,-8.89093284,-8.64351268,0.24742016,,train
MOL_98263,success,-9.03056757,-8.45935167,0.5712159,,train
MOL_50885,success,-9.06083392,-8.42140665,0.63942728,,train
MOL_55126,success,-9.20407278,-8.29375479,0.91031799,,train
MOL_16703,success,-8.83990541,-8.7124994,0.12740602,,train
MOL_42644,success,-9.27990124,-8.18878744,1.09111379,,train
MOL_13764,success,-9.14165824,-8.26476313,0.87689511,,train
MOL_51797,success,-9.18094309,-8.28578812,0.89515498,,train
MOL_53052,success,-9.21236731,-8.31131344,0.90105387,,train
MOL_30545,success,-8.9859952,-8.53426416,0.45173103,,train
MOL_27874,success,-9.33154713,-8.08858498,1.24296215,,train
MOL_26372,success,-8.99949354,-8.49765248,0.50184106,,train
MOL_04873,success,-9.36663292,-8.14821779,1.21841513,,train
MOL_87672,success,-9.47764285,-7.93519026,1.54245259,,train
MOL_95111,success,-9.05094331,-8.41652945,0.63441385,,train
MOL_35374,success,-9.22975828,-8.29290284,0.93685543,,train
MOL_15097,success,-9.26734885,-8.20048181,1.06686704,,train
MOL_73064,success,-9.05498901,-8.40018171,0.6548073,,train
MOL_40165,success,-9.41018794,-8.10700539,1.30318255,,train
MOL_26090,success,-9.28173378,-8.18214827,1.09958551,,train
MOL_00066,success,-9.44374702,-8.01417244,1.42957458,,train
MOL_48300,success,-9.42024311,-8.00564067,1.41460244,,train
MOL_44910,success,-8.98389909,-8.55739249,0.4265066,,train
MOL_48598,success,-8.92147431,-8.58250097,0.33897334,,train
MOL_94878,success,-9.29549388,-8.18084122,1.11465266,,train
MOL_03018,success,-9.11958884,-8.38524619,0.73434265,,train
MOL_07887,success,-9.27008166,-8.23288347,1.03719818,,train
MOL_97147,success,-8.8873092,-8.63299539,0.25431381,,train
MOL_82187,success,-9.33561762,-8.02977171,1.30584592,,train
MOL_95727,success,-9.2578636,-8.25549414,1.00236946,,train
MOL_09440,success,-9.02875284,-8.49788688,0.53086596,,train
MOL_72744,success,-9.28181276,-8.22614127,1.05567149,,train
MOL_78119,success,-9.22046685,-8.30791118,0.91255567,,train
MOL_77867,success,-8.92277763,-8.57946189,0.34331574,,train
MOL_08571,success,-9.29525706,-8.23520296,1.0600541,,train
MOL_17514,success,-9.40376856,-8.00680222,1.39696635,,train
MOL_99580,success,-8.9052935,-8.62593717,0.27935632,,train
MOL_97730,success,-9.00763307,-8.48016037,0.5274727,,train
MOL_49281,success,-8.89713343,-8.6085053,0.28862813,,train
MOL_35823,success,-9.06998423,-8.40227854,0.66770569,,train
MOL_75299,success,-9.28252434,-8.18025814,1.1022662,,train
MOL_66795,success,-8.9029452,-8.6072864,0.2956588,,train
MOL_86609,success,-9.21027168,-8.27499632,0.93527536,,train
MOL_61426,success,-9.17985198,-8.32590839,0.85394359,,train
MOL_54503,success,-8.79619702,-8.68409338,0.11210365,,train
MOL_43723,success,-9.2006556,-8.2988866,0.901769,,train
MOL_05307,success,-9.45001294,-7.99651152,1.45350142,,train
MOL_75839,success,-8.83373469,-8.66497456,0.16876013,,train
MOL_33525,success,-9.23932734,-8.24897558,0.99035176,,train
MOL_88247,success,-8.86243258,-8.6710647,0.19136788,,train
MOL_40314,success,-8.93093892,-8.5830681,0.34787082,,train
MOL_68858,success,-9.15204062,-8.37665586,0.77538476,,train
MOL_86919,success,-9.35848602,-8.08426533,1.27422069,,train
MOL_07146,success,-9.41916758,-8.04705029,1.3721173,,train
MOL_45668,success,-9.10280792,-8.37335671,0.72945121,,train
MOL_69960,success,-9.19325982,-8.34143488,0.85182494,,train
MOL_48457,success,-9.39923709,-8.00387949,1.39535759,,train
MOL_83252,success,-9.19874051,-8.28947095,0.90926956,,train
MOL_98262,success,-8.88834733,-8.66534338,0.22300395,,train
MOL_39913,success,-8.99723063,-8.4929253,0.50430533,,train
MOL_19970,success,-9.14864007,-8.32012376,0.82851631,,train
MOL_94149,success,-9.33780611,-8.06888586,1.26892025,,train
MOL_32329,success,-9.17733923,-8.2652377,0.91210153,,train
MOL_33191,success,-8.97987504,-8.58708804,0.39278699,,train
MOL_40332,success,-8.80504099,-8.70193156,0.10310943,,train
MOL_45426,success,-9.0108699,-8.48874571,0.52212418,,train
MOL_32166,success,-9.44508571,-7.98166062,1.46342509,,train
MOL_89617,success,-9.20299513,-8.29301697,0.90997815,,train
MOL_89508,success,-9.38994796,-8.08415632,1.30579164,,train
MOL_14367,success,-9.26485716,-8.17553811,1.08931906,,train
MOL_60497,success,-8.79085475,-8.73082976,0.060025,,train
MOL_92215,success,-9.24214704,-8.26306306,0.97908398,,train
MOL_28179,success,-9.38925922,-8.12033293,1.26892629,,train
MOL_63534,success,-9.15280197,-8.29116958,0.86163239,,train
MOL_93432,success,-9.06231273,-8.46837473,0.593938,,train
MOL_65073,success,-9.03969432,-8.4870172,0.55267711,,train
MOL_67561,success,-9.32387887,-8.15128575,1.17259312,,train
MOL_58068,success,-9.06610897,-8.32877244,0.73733653,,train
MOL_94339,success,-9.07018537,-8.41456872,0.65561666,,train
MOL_25048,success,-9.1442063,-8.43027437,0.71393194,,train
MOL_35228,success,-9.19345351,-8.25144721,0.9420063,,train
MOL_96572,success,-9.2095354,-8.33526945,0.87426595,,train
MOL_96242,success,-9.06679824,-8.39424745,0.67255078,,train
MOL_36130,success,-9.23454423,-8.23929011,0.99525412,,train
MOL_64821,success,-9.17174844,-8.32332686,0.84842158,,train
MOL_62483,success,-8.91163815,-8.61872567,0.29291248,,train
MOL_46364,success,-9.21031742,-8.33237986,0.87793756,,train
MOL_57015,success,-9.45129137,-8.07134935,1.37994203,,train
MOL_03566,success,-9.08688129,-8.33725058,0.74963071,,train
MOL_01173,success,-9.32284976,-8.2033699,1.11947986,,train
MOL_68467,success,-9.30861526,-8.18094263,1.12767264,,train
MOL_38739,success,-9.19046747,-8.32366941,0.86679806,,train
MOL_59186,success,-9.3272444,-8.13866963,1.18857477,,train
MOL_48010,success,-9.05029827,-8.46921093,0.58108734,,train
MOL_91864,success,-9.18619701,-8.28797732,0.89821969,,train
MOL_06405,success,-9.09010191,-8.43421706,0.65588486,,train
MOL_37044,success,-9.35715612,-8.09157214,1.26558398,,train
MOL_67356,success,-8.8046136,-8.72808267,0.07653093,,train
MOL_02740,success,-9.11338884,-8.33767249,0.77571635,,train
MOL_28359,success,-9.26386373,-8.2019131,1.06195063,,train
MOL_89213,success,-9.27973174,-8.19815818,1.08157356,,train
MOL_01432,success,-8.88694562,-8.70842258,0.17852304,,train
MOL_85377,success,-9.16680298,-8.3293932,0.83740977,,train
MOL_67331,success,-9.18230588,-8.32267414,0.85963174,,train
MOL_80489,success,-8.81862641,-8.63975032,0.17887609,,train
MOL_53528,success,-9.15886678,-8.2248796,0.93398718,,train
MOL_48337,success,-9.1359781,-8.39406245,0.74191565,,train
MOL_43480,success,-8.99541533,-8.4906546,0.50476073,,train
MOL_69549,success,-9.00670232,-8.57801626,0.42868606,,train
MOL_06614,success,-9.15021245,-8.35384504,0.79636742,,train
MOL_05879,success,-8.98182038,-8.48870555,0.49311483,,train
MOL_92778,success,-9.38582359,-8.08110763,1.30471596,,train
MOL_04958,success,-9.11414217,-8.39839216,0.71575001,,train
MOL_34445,success,-8.94233076,-8.36386162,0.57846914,,train
MOL_03147,success,-8.89918257,-8.68506933,0.21411325,,train
MOL_18559,success,-9.19035245,-8.22496887,0.96538358,,train
MOL_37064,success,-8.84640951,-8.68791784,0.15849166,,train
MOL_49150,success,-9.19207308,-8.21386912,0.97820396,,train
MOL_32237,success,-9.21435893,-8.30129709,0.91306184,,train
MOL_97830,success,-9.38192524,-8.0644233,1.31750194,,train
MOL_16365,success,-9.16647404,-8.32395713,0.84251692,,train
MOL_40528,success,-9.14284624,-8.38488266,0.75796359,,train
MOL_77398,success,-9.27921961,-8.16905476,1.11016485,,train
MOL_98375,success,-9.30313872,-8.20988826,1.09325046,,train
MOL_04219,success,-9.25713425,-8.17475439,1.08237986,,train
MOL_14330,success,-9.27527998,-8.26185677,1.01342321,,train
MOL_92303,success,-8.95569722,-8.56989892,0.38579829,,train
MOL_35698,success,-9.4403366,-8.03581755,1.40451905,,train
MOL_92331,success,-9.33682099,-8.06147118,1.27534981,,train
MOL_82650,success,-9.41427402,-8.11907903,1.29519499,,train
MOL_39691,success,-9.14008497,-8.34310853,0.79697645,,train
MOL_15738,success,-9.42376296,-7.94025775,1.48350521,,train
MOL_32268,success,-9.17084225,-8.34353457,0.82730769,,train
MOL_27937,success,-8.85562649,-8.65777502,0.19785147,,train
MOL_95364,success,-9.39354982,-8.06456195,1.32898786,,train
MOL_94143,success,-9.10162504,-8.39707516,0.70454988,,train
MOL_20584,success,-9.16995897,-8.37351864,0.79644032,,train
MOL_71712,success,-9.33404238,-8.09792574,1.23611664,,train
MOL_38792,success,-8.98121547,-8.52927569,0.45193977,,train
MOL_54588,success,-9.21427585,-8.31629652,0.89797933,,train
MOL_75772,success,-9.15273547,-8.34054495,0.81219052,,train
MOL_21070,success,-9.37362651,-8.10164389,1.27198262,,train
MOL_51487,success,-9.05823156,-8.44370993,0.61452163,,train
MOL_29685,success,-9.10102717,-8.40998835,0.69103881,,train
MOL_15184,success,-9.59077308,-7.79345567,1.7973174,,train
MOL_35673,success,-9.1892613,-8.2894649,0.89979641,,train
MOL_61524,success,-8.91288083,-8.61630466,0.29657617,,train
MOL_76270,success,-9.12152132,-8.30534641,0.81617491,,train
MOL_19824,success,-9.29440106,-8.19510866,1.0992924,,train
MOL_82134,success,-9.26799263,-8.26234902,1.00564361,,train
MOL_88607,success,-8.84108792,-8.70992052,0.13116741,,train
MOL_06459,success,-8.84256896,-8.66153696,0.181032,,train
MOL_29631,success,-9.41836857,-7.95875337,1.45961519,,train
MOL_52135,success,-9.01212736,-8.52800896,0.4841184,,train
MOL_71990,success,-8.83951638,-8.62162033,0.21789604,,train
MOL_24364,success,-9.39759097,-8.02736626,1.37022471,,train
MOL_46407,success,-9.35499072,-8.1269577,1.22803302,,train
MOL_96188,success,-9.48797101,-7.99744105,1.49052996,,train
MOL_23502,success,-9.32081965,-8.17089413,1.14992552,,train
MOL_40664,success,-9.21853863,-8.3426853,0.87585333,,train
MOL_72961,success,-9.27178075,-8.22702865,1.0447521,,train
MOL_00837,success,-8.79161686,-8.6927611,0.09885576,,train
MOL_44708,success,-9.40999466,-8.03689462,1.37310004,,train
MOL_10217,success,-8.9240843,-8.58756126,0.33652304,,train
MOL_64525,success,-8.90229942,-8.62639798,0.27590144,,train
MOL_30189,success,-9.30434948,-8.1783871,1.12596237,,train
MOL_22557,success,-8.76559229,-8.76065053,0.00494175,,train
MOL_08185,success,-8.94640791,-8.59217408,0.35423383,,train
MOL_31120,success,-9.22257468,-8.22724796,0.99532672,,train
MOL_24163,success,-9.44345343,-8.03234602,1.41110741,,train
MOL_18252,success,-9.41302175,-8.00344907,1.40957268,,train
MOL_50132,success,-9.42955782,-8.06986972,1.35968811,,train
MOL_08310,success,-9.27237195,-8.24553802,1.02683393,,train
MOL_31308,success,-9.30642203,-8.20899682,1.09742522,,train
MOL_41094,success,-9.18254372,-8.30836312,0.87418061,,train
MOL_57303,success,-9.57195521,-7.87656777,1.69538743,,train
MOL_83383,success,-9.12715983,-8.34669964,0.7804602,,train
MOL_12499,success,-9.15506907,-8.33207808,0.82299099,,train
MOL_67825,success,-9.1432024,-8.31181759,0.83138481,,train
MOL_03425,success,-8.98781411,-8.50530925,0.48250485,,train
MOL_34413,success,-9.35112856,-8.16841365,1.18271491,,train
MOL_77328,success,-8.90052003,-8.60522724,0.29529279,,train
MOL_47736,success,-9.30323012,-8.12147584,1.18175428,,train
MOL_43412,success,-9.41823386,-8.02265736,1.39557651,,train
MOL_37548,success,-9.0461105,-8.50918399,0.53692651,,train
MOL_89296,success,-9.31432094,-8.17297965,1.14134129,,train
MOL_59789,success,-9.05130688,-8.49176732,0.55953956,,train
MOL_34169,success,-8.99429462,-8.51854446,0.47575016,,train
MOL_42700,success,-9.02125153,-8.48763566,0.53361587,,train
MOL_89414,success,-9.12176329,-8.38350619,0.7382571,,train
MOL_39652,success,-9.1826598,-8.3130939,0.86956589,,train
MOL_93311,success,-8.96277367,-8.57932653,0.38344714,,train
MOL_76745,success,-9.00507265,-8.5774619,0.42761076,,train
MOL_76428,success,-8.9315178,-8.59717217,0.33434563,,train
MOL_22660,success,-9.12102499,-8.39021459,0.73081041,,train
MOL_05535,success,-9.39876094,-8.08911427,1.30964667,,train
MOL_67673,success,-9.35054857,-8.08238664,1.26816193,,train
MOL_23528,success,-9.24182931,-8.20636844,1.03546087,,train
MOL_29829,success,-8.98674367,-8.5114039,0.47533977,,train
MOL_01409,success,-9.49138027,-7.928678,1.56270227,,train
MOL_27594,success,-9.08367686,-8.41744974,0.66622712,,train
MOL_94917,success,-9.12687309,-8.38768151,0.73919158,,train
MOL_05207,success,-9.2294036,-8.2374312,0.9919724,,train
MOL_05271,success,-8.88992513,-8.61552249,0.27440264,,train
MOL_79855,success,-9.34121902,-8.13844389,1.20277513,,train
MOL_16531,success,-9.04458012,-8.45546341,0.58911671,,train
MOL_27200,success,-9.07710857,-8.44473955,0.63236902,,train
MOL_56721,success,-9.13754516,-8.27401891,0.86352625,,train
MOL_50350,success,-8.99697666,-8.50552375,0.49145291,,train
MOL_33255,success,-9.35708492,-8.05157363,1.30551129,,train
MOL_24504,success,-9.50914158,-7.92957508,1.5795665,,train
MOL_61650,success,-9.25453957,-8.23551819,1.01902138,,train
MOL_71221,success,-9.05888302,-8.43945928,0.61942374,,train
MOL_07173,success,-9.18650419,-8.32372122,0.86278296,,train
MOL_84093,success,-9.09643607,-8.4372747,0.65916137,,train
MOL_56917,success,-9.25736482,-8.16328623,1.0940786,,train
MOL_97080,success,-9.17427183,-8.35340108,0.82087075,,train
MOL_69513,success,-9.44072507,-8.01461529,1.42610979,,train
MOL_97311,success,-9.22647459,-8.29143149,0.9350431,,train
MOL_99599,success,-8.96225526,-8.57850295,0.38375232,,train
MOL_32755,success,-9.05730988,-8.40836865,0.64894122,,train
MOL_22355,success,-9.03223,-8.38083771,0.65139229,,train
MOL_48233,success,-9.18598509,-8.28992968,0.89605541,,train
MOL_60781,success,-9.00624748,-8.56448135,0.44176613,,train
MOL_63320,success,-9.21132547,-8.33773457,0.8735909,,train
MOL_06510,success,-9.01790379,-8.47285495,0.54504885,,train
MOL_45100,success,-9.10058877,-8.33512441,0.76546436,,train
MOL_75940,success,-8.92178276,-8.63157028,0.29021248,,train
MOL_02883,success,-9.12445602,-8.36681324,0.75764278,,train
MOL_92041,success,-9.11407507,-8.43243483,0.68164024,,train
MOL_54230,success,-8.73610595,-8.67972071,0.05638523,,train
MOL_42189,success,-9.20666717,-8.31133605,0.89533111,,train
MOL_62784,success,-8.8908867,-8.65244482,0.23844189,,train
MOL_29834,success,-9.16536421,-8.29006481,0.8752994,,train
MOL_50951,success,-9.09919561,-8.42133729,0.67785832,,train
MOL_02638,success,-9.18614245,-8.31780169,0.86834075,,train
MOL_40893,success,-9.25539543,-8.18466039,1.07073504,,train
MOL_09739,success,-9.30824751,-8.14228153,1.16596598,,train
MOL_73803,success,-8.86918869,-8.61612834,0.25306036,,train
MOL_74352,success,-9.39707127,-8.07182245,1.32524882,,train
MOL_77669,success,-8.83341549,-8.65405399,0.1793615,,train
MOL_24344,success,-9.28214009,-8.18684368,1.09529641,,train
MOL_04334,success,-9.28395046,-8.27529748,1.00865298,,train
MOL_06757,success,-9.08626353,-8.44666245,0.63960108,,train
MOL_28811,success,-9.2597461,-8.24051615,1.01922995,,train
MOL_24146,success,-9.16915717,-8.34170714,0.82745003,,train
MOL_84905,success,-9.38325975,-8.07457428,1.30868547,,train
MOL_79991,success,-8.93518002,-8.59588864,0.33929139,,train
MOL_81511,success,-9.11576983,-8.42312154,0.69264828,,train
MOL_06680,success,-9.0763591,-8.48521216,0.59114694,,train
MOL_60791,success,-9.38573274,-8.02527735,1.36045538,,train
MOL_64481,success,-9.41618497,-8.0836689,1.33251607,,train
MOL_23729,success,-9.45959743,-8.00580401,1.45379343,,train
MOL_66496,success,-9.11938596,-8.3460376,0.77334836,,train
MOL_76326,success,-9.15276398,-8.34749886,0.80526512,,train
MOL_69786,success,-9.27640733,-8.20273005,1.07367728,,train
MOL_35628,success,-9.15201035,-8.3731556,0.77885475,,train
MOL_62876,success,-9.07305834,-8.42528028,0.64777806,,train
MOL_29070,success,-8.91163292,-8.5747771,0.33685581,,train
MOL_88381,success,-9.32792927,-8.16159788,1.16633139,,train
MOL_92453,success,-9.0846472,-8.38749911,0.69714809,,train
MOL_40487,success,-9.12092153,-8.34190722,0.77901431,,train
MOL_64449,success,-9.22447752,-8.3161652,0.90831232,,train
MOL_60142,success,-8.97694137,-8.51687699,0.46006438,,train
MOL_34401,success,-9.05296954,-8.41410217,0.63886738,,train
MOL_68601,success,-9.07921064,-8.42966483,0.64954582,,train
MOL_33334,success,-9.07549422,-8.48132662,0.5941676,,train
MOL_04300,success,-9.11429141,-8.41608948,0.69820193,,train
MOL_18399,success,-8.82544587,-8.71377648,0.11166939,,train
MOL_24161,success,-9.1569747,-8.29258558,0.86438912,,train
MOL_67417,success,-8.89501425,-8.63904312,0.25597113,,train
MOL_88910,success,-9.16007474,-8.30767646,0.85239828,,train
MOL_39885,success,-9.43231555,-8.04444025,1.3878753,,train
MOL_46184,success,-8.92054436,-8.59052535,0.33001901,,train
MOL_05029,success,-9.46856488,-7.97005892,1.49850597,,train
MOL_80928,success,-9.39998392,-8.13731854,1.26266538,,train
MOL_54720,success,-8.81699238,-8.74931182,0.06768056,,train
MOL_75795,success,-9.35921055,-8.08466516,1.27454539,,train
MOL_50297,success,-8.88269099,-8.63640585,0.24628514,,train
MOL_06873,success,-9.04185025,-8.49342313,0.54842712,,train
MOL_90097,success,-8.92835955,-8.63025548,0.29810408,,train
MOL_24845,success,-9.29254487,-8.15546867,1.1370762,,train
MOL_45345,success,-9.2003013,-8.34554947,0.85475183,,train
MOL_30466,success,-9.17621138,-8.31348952,0.86272185,,train
MOL_71568,success,-9.21931834,-8.31853156,0.90078678,,train
MOL_08843,success,-8.89024899,-8.67023909,0.2200099,,train
MOL_35407,success,-9.02208638,-8.53709585,0.48499054,,train
MOL_65974,success,-9.35777866,-8.14576096,1.2120177,,train
MOL_28503,success,-9.48253616,-7.97097907,1.51155709,,train
MOL_30376,success,-8.85458051,-8.58421176,0.27036875,,train
MOL_21147,success,-9.2481608,-8.19664712,1.05151368,,train
MOL_78543,success,-9.21209503,-8.32099744,0.89109759,,train
MOL_86804,success,-9.10865353,-8.48421577,0.62443776,,train
MOL_41278,success,-9.24825309,-8.24759272,1.00066037,,train
MOL_03023,success,-8.88292027,-8.64663146,0.23628881,,train
MOL_57782,success,-9.07510439,-8.45128899,0.62381541,,train
MOL_05435,success,-9.2427162,-8.21056024,1.03215597,,train
MOL_74026,success,-9.00365103,-8.47722843,0.5264226,,train
MOL_78680,success,-9.21126332,-8.29354253,0.91772079,,train
MOL_46321,success,-9.23314499,-8.19730732,1.03583767,,train
MOL_14950,success,-9.43449707,-8.04437272,1.39012435,,train
MOL_68388,success,-9.182357,-8.28009553,0.90226147,,train
MOL_72567,success,-9.46532816,-7.98640489,1.47892327,,train
MOL_42225,success,-9.48093099,-7.92810299,1.552828,,train
MOL_72667,success,-9.19046221,-8.27968345,0.91077876,,train
MOL_00562,success,-9.56589837,-7.87610973,1.68978864,,train
MOL_43256,success,-8.8406402,-8.71902232,0.12161789,,train
MOL_04103,success,-9.37042605,-8.0972116,1.27321444,,train
MOL_93241,success,-8.85530456,-8.57968085,0.2756237,,train
MOL_70345,success,-9.33564518,-8.15860601,1.17703918,,train
MOL_44073,success,-8.95634573,-8.56166053,0.3946852,,train
MOL_01856,success,-8.85612515,-8.68214562,0.17397953,,train
MOL_89637,success,-8.98458228,-8.57674304,0.40783923,,train
MOL_95915,success,-9.26042014,-8.17298574,1.0874344,,train
MOL_75240,success,-9.23001935,-8.25424656,0.97577279,,train
MOL_48715,success,-8.88521844,-8.58111725,0.30410119,,train
MOL_02130,success,-8.93571544,-8.56786779,0.36784765,,train
MOL_97044,success,-9.37693062,-8.03324381,1.34368682,,train
MOL_35563,success,-9.22828462,-8.20846365,1.01982097,,train
MOL_21674,success,-8.968737,-8.53172003,0.43701697,,train
MOL_97353,success,-8.98601029,-8.58691422,0.39909607,,train
MOL_62938,success,-9.24331806,-8.20702337,1.03629469,,train
MOL_66115,success,-8.93786863,-8.53283206,0.40503658,,train
MOL_77563,success,-9.35744797,-8.05758345,1.29986453,,train
MOL_20735,success,-9.08342512,-8.42570753,0.65771759,,train
MOL_93376,success,-8.88499946,-8.64929259,0.23570687,,train
MOL_85031,success,-9.16320519,-8.35057104,0.81263415,,train
MOL_34475,success,-9.36895191,-8.03837109,1.33058082,,train
MOL_60731,success,-9.32701285,-8.11953381,1.20747904,,train
MOL_34741,success,-8.90366131,-8.55312465,0.35053666,,train
MOL_52353,success,-9.19862555,-8.32395956,0.87466599,,train
MOL_95865,success,-9.243946,-8.12831348,1.11563252,,train
MOL_82619,success,-9.2928918,-8.17374876,1.11914304,,train
MOL_62850,success,-9.27317217,-8.24348861,1.02968357,,train
MOL_11629,success,-9.24709902,-8.29427374,0.95282528,,train
MOL_50824,success,-8.97248719,-8.51764967,0.45483753,,train
MOL_38743,success,-8.84840946,-8.60853002,0.23987944,,train
MOL_33649,success,-8.7962757,-8.70889351,0.08738219,,train
MOL_85635,success,-9.50886544,-7.8946137,1.61425174,,train
MOL_89388,success,-8.87838773,-8.68287633,0.19551141,,train
MOL_59195,success,-9.28892447,-8.01865191,1.27027257,,train
MOL_70547,success,-8.92601063,-8.59610177,0.32990886,,train
MOL_58231,success,-9.03470996,-8.5300856,0.50462436,,train
MOL_93673,success,-8.79585674,-8.71780172,0.07805502,,train
MOL_35609,success,-9.57852504,-7.76208649,1.81643854,,train
MOL_24446,success,-9.28797945,-8.18745088,1.10052857,,train
MOL_18106,success,-9.20003857,-8.27306167,0.9269769,,train
MOL_33732,success,-9.11755893,-8.42142411,0.69613482,,train
MOL_14702,success,-9.16994746,-8.32137387,0.84857359,,train
MOL_29686,success,-9.26559216,-8.2413303,1.02426186,,train
MOL_25686,success,-9.03049342,-8.48939425,0.54109917,,train
MOL_59239,success,-8.92213183,-8.58708931,0.33504251,,train
MOL_50093,success,-9.36731888,-8.12886453,1.23845435,,train
MOL_62964,success,-9.28987592,-8.11544512,1.1744308,,train
MOL_48273,success,-9.04325891,-8.43107304,0.61218587,,train
MOL_67706,success,-9.19393294,-8.29514908,0.89878386,,train
MOL_37506,success,-9.07024218,-8.43875319,0.63148899,,train
MOL_79204,success,-9.33278455,-8.17106413,1.16172042,,train
MOL_94881,success,-9.34324608,-8.149704,1.19354208,,train
MOL_31242,success,-9.22191442,-8.32448577,0.89742865,,train
MOL_11011,success,-9.07321168,-8.37500357,0.6982081,,train
MOL_61207,success,-9.23262295,-8.25285492,0.97976802,,train
MOL_65703,success,-8.95675384,-8.55120339,0.40555045,,train
MOL_01660,success,-9.37246302,-8.14261626,1.22984676,,train
MOL_19885,success,-9.0734443,-8.49911948,0.57432482,,train
MOL_25946,success,-9.07750293,-8.43541075,0.64209218,,train
MOL_65793,success,-9.38205832,-8.02732657,1.35473175,,train
MOL_51880,success,-8.93548116,-8.61467067,0.32081049,,train
MOL_74874,success,-9.36893724,-8.06743095,1.30150629,,train
MOL_62872,success,-9.38937511,-8.06421072,1.32516438,,train
MOL_71533,success,-8.97837389,-8.49735753,0.48101635,,train
MOL_48745,success,-9.6030101,-7.75550358,1.84750652,,train
MOL_65860,success,-9.32692214,-8.11264004,1.2142821,,train
MOL_98750,success,-9.4778906,-7.97839784,1.49949276,,train
MOL_60442,success,-9.20076941,-8.2711232,0.92964621,,train
MOL_70202,success,-9.29142957,-8.21211542,1.07931414,,train
MOL_77683,success,-9.06706263,-8.40274027,0.66432236,,train
MOL_43542,success,-9.12912317,-8.35024018,0.77888298,,train
MOL_59630,success,-9.03061648,-8.50631598,0.5243005,,train
MOL_92898,success,-8.88804513,-8.63108339,0.25696174,,train
MOL_40986,success,-9.18689949,-8.2315195,0.95537999,,train
MOL_30243,success,-8.89514764,-8.59512159,0.30002605,,train
MOL_04388,success,-9.24987001,-8.25198998,0.99788003,,train
MOL_40372,success,-8.93330701,-8.57974589,0.35356113,,train
MOL_81990,success,-9.16987038,-8.31446754,0.85540284,,train
MOL_33813,success,-8.77308356,-8.76406134,0.00902222,,train
MOL_90265,success,-9.21504881,-8.27774912,0.93729969,,train
MOL_75072,success,-9.21186312,-8.26852305,0.94334007,,train
MOL_58202,success,-9.04007158,-8.48945084,0.55062074,,train
MOL_54116,success,-9.48902828,-7.98588799,1.50314029,,train
MOL_66375,success,-9.20516067,-8.32061003,0.88455063,,train
MOL_08943,success,-9.2707121,-8.22951024,1.04120187,,train
MOL_22766,success,-8.89668383,-8.60870999,0.28797384,,train
MOL_34484,success,-9.08938597,-8.43568323,0.65370274,,train
MOL_78156,success,-9.115235,-8.37237973,0.74285527,,train
MOL_14051,success,-8.92829645,-8.5962181,0.33207835,,train
MOL_49716,success,-9.26403121,-8.23883468,1.02519653,,train
MOL_60344,success,-8.84855065,-8.65862629,0.18992435,,train
MOL_38910,success,-8.8420521,-8.66096885,0.18108325,,train
MOL_23810,success,-8.88041869,-8.70752173,0.17289697,,train
MOL_00142,success,-9.15291032,-8.33060061,0.82230972,,train
MOL_05238,success,-8.79972339,-8.74275638,0.05696702,,train
MOL_25645,success,-9.46201683,-7.97705279,1.48496404,,train
MOL_29469,success,-9.34898923,-8.13657664,1.21241259,,train
MOL_26239,success,-8.89834584,-8.6494761,0.24886974,,train
MOL_64470,success,-9.29630037,-8.19238461,1.10391576,,train
MOL_20563,success,-9.14637937,-8.33147735,0.81490202,,train
MOL_00619,success,-9.37699887,-8.07264175,1.30435712,,train
MOL_96222,success,-9.49387818,-7.96417991,1.52969828,,train
MOL_25918,success,-9.13369279,-8.36772788,0.76596491,,train
MOL_89437,success,-8.94586036,-8.51234141,0.43351895,,train
MOL_96333,success,-9.36982807,-8.10098969,1.26883838,,train
MOL_05975,success,-9.16826457,-8.33732972,0.83093485,,train
MOL_93035,success,-9.16890654,-8.3071842,0.86172234,,train
MOL_78890,success,-8.97041726,-8.5329701,0.43744716,,train
MOL_81898,success,-9.14181,-8.32126669,0.82054331,,train
MOL_54757,success,-9.43422389,-8.08617729,1.3480466,,train
MOL_70770,success,-9.39752559,-8.10898319,1.2885424,,train
MOL_72269,success,-9.33750201,-8.15112048,1.18638152,,train
MOL_42487,success,-8.83776903,-8.64504225,0.19272678,,train
MOL_98794,success,-8.82935797,-8.65425253,0.17510543,,train
MOL_01271,success,-9.09216931,-8.49707,0.59509931,,train
MOL_26601,success,-9.24058281,-8.25847753,0.98210527,,train
MOL_77942,success,-9.20195546,-8.28147551,0.92047995,,train
MOL_04963,success,-9.05220407,-8.48434633,0.56785774,,train
MOL_88250,success,-9.08605333,-8.43749432,0.64855901,,train
MOL_89805,success,-8.90733409,-8.63153531,0.27579878,,train
MOL_19389,success,-9.3848465,-8.0918012,1.2930453,,train
MOL_41201,success,-9.18170165,-8.29501676,0.88668489,,train
MOL_14763,success,-8.78478482,-8.70719515,0.07758968,,train
MOL_72226,success,-8.92197012,-8.5840893,0.33788082,,train
MOL_27329,success,-9.60445716,-7.85348584,1.75097132,,train
MOL_01667,success,-9.11357259,-8.43885184,0.67472075,,train
MOL_06537,success,-9.07908937,-8.49768954,0.58139983,,train
MOL_81126,success,-9.21332629,-8.21585399,0.9974723,,train
MOL_55409,success,-9.09055159,-8.38979418,0.70075741,,train
MOL_04249,success,-9.42027312,-8.00917159,1.41110153,,train
MOL_84017,success,-8.72887884,-8.70898625,0.01989259,,train
MOL_51801,success,-9.07345799,-8.41052793,0.66293005,,train
MOL_96009,success,-9.29738371,-8.15513075,1.14225296,,train
MOL_12080,success,-9.0260937,-8.49513734,0.53095636,,train
MOL_54667,success,-9.42592836,-8.01897378,1.40695458,,train
MOL_00787,success,-9.36992445,-8.07111186,1.29881258,,train
MOL_31488,success,-8.85399628,-8.69982724,0.15416904,,train
MOL_20481,success,-9.20817004,-8.25401741,0.95415264,,train
MOL_22726,success,-9.20071572,-8.31126636,0.88944935,,train
MOL_52841,success,-8.96443734,-8.53706184,0.4273755,,train
MOL_75976,success,-9.07990641,-8.39508913,0.68481728,,train
MOL_11572,success,-9.37251393,-8.09452865,1.27798528,,train
MOL_92443,success,-9.07522499,-8.48743517,0.58778982,,train
MOL_30114,success,-9.38894724,-8.13683645,1.25211079,,train
MOL_80348,success,-8.95793626,-8.5223569,0.43557936,,train
MOL_70919,success,-9.0400777,-8.41356734,0.62651036,,train
MOL_07562,success,-9.04234386,-8.49674483,0.54559903,,train
MOL_33909,success,-8.87479762,-8.63265672,0.2421409,,train
MOL_86243,success,-9.02582633,-8.47299416,0.55283217,,train
MOL_24320,success,-9.03507566,-8.47509375,0.55998191,,train
MOL_99395,success,-9.35315258,-8.11715368,1.23599891,,train
MOL_88752,success,-8.90802035,-8.5568743,0.35114606,,train
MOL_04528,success,-8.90076673,-8.63721723,0.26354949,,train
MOL_55344,success,-8.98564703,-8.52785111,0.45779592,,train
MOL_84247,success,-9.35541686,-8.14662058,1.20879628,,train
MOL_51350,success,-9.4919304,-7.9751949,1.5167355,,train
MOL_06190,success,-9.05523134,-8.28593875,0.76929259,,train
MOL_62325,success,-9.14199876,-8.29871065,0.84328811,,train
MOL_77890,success,-9.31966704,-8.12644376,1.19322328,,train
MOL_82179,success,-9.03533341,-8.47049511,0.5648383,,train
MOL_74328,success,-9.12260162,-8.37527429,0.74732732,,train
MOL_79662,success,-9.26006307,-8.23929116,1.02077191,,train
MOL_40129,success,-9.07122871,-8.43696635,0.63426236,,train
MOL_23433,success,-9.40695104,-8.03647312,1.37047793,,train
MOL_43204,success,-9.4466021,-7.96944093,1.47716118,,train
MOL_43181,success,-9.48343471,-7.89569764,1.58773707,,train
MOL_09597,success,-9.16933019,-8.27119378,0.89813641,,train
MOL_32846,success,-9.36072679,-8.14728736,1.21343943,,train
MOL_86620,success,-9.18219051,-8.33324289,0.84894762,,train
MOL_84623,success,-9.17506952,-8.27580257,0.89926694,,train
MOL_70101,success,-9.25662522,-8.18208836,1.07453686,,train
MOL_68018,success,-9.27078989,-8.23972408,1.03106581,,train
MOL_28633,success,-9.07901131,-8.47008965,0.60892166,,train
MOL_94626,success,-8.83705006,-8.68812629,0.14892377,,train
MOL_76620,success,-9.1780883,-8.29880116,0.87928714,,train
MOL_79588,success,-9.46227156,-7.96576017,1.49651139,,train
MOL_52216,success,-9.25728833,-8.22312148,1.03416685,,train
MOL_71904,success,-9.24177343,-8.31406066,0.92771277,,train
MOL_39838,success,-9.02920488,-8.44118511,0.58801977,,train
MOL_74979,success,-9.17174178,-8.36164736,0.81009441,,train
MOL_18295,success,-9.38953888,-8.13414737,1.25539151,,train
MOL_22944,success,-9.16255048,-8.2932164,0.86933409,,train
MOL_86621,success,-9.17892522,-8.34206767,0.83685755,,train
MOL_85406,success,-9.06821508,-8.35774536,0.71046972,,train
MOL_73032,success,-9.45076918,-8.04655829,1.40421088,,train
MOL_99877,success,-9.30472352,-8.15148856,1.15323496,,train
MOL_46839,success,-9.38355827,-8.07611013,1.30744815,,train
MOL_79733,success,-9.29199213,-8.17442484,1.11756728,,train
MOL_27093,success,-9.01885618,-8.4959378,0.52291838,,train
MOL_39367,success,-8.96974894,-8.57417352,0.39557542,,train
MOL_56994,success,-9.443265,-8.00137451,1.44189049,,train
MOL_08047,success,-8.88526841,-8.62019299,0.26507542,,train
MOL_09931,success,-8.99204759,-8.50184433,0.49020326,,train
MOL_95161,success,-9.33028539,-8.13287365,1.19741174,,train
MOL_20363,success,-9.14027816,-8.35383913,0.78643903,,train
MOL_61502,success,-9.20841493,-8.23337397,0.97504096,,train
MOL_29142,success,-8.80896276,-8.769624,0.03933876,,train
MOL_62067,success,-9.50182252,-7.90602791,1.59579461,,train
MOL_57016,success,-9.1959959,-8.31064749,0.88534841,,train
MOL_41503,success,-8.92240381,-8.54921548,0.37318832,,train
MOL_75094,success,-8.78023547,-8.76955072,0.01068476,,train
MOL_22115,success,-9.23048877,-8.26286082,0.96762795,,train
MOL_29708,success,-9.34498294,-8.1346086,1.21037433,,train
MOL_25203,success,-9.19192067,-8.31173817,0.8801825,,train
MOL_49260,success,-9.42454062,-8.03775608,1.38678455,,train
MOL_28357,success,-9.03140969,-8.45058745,0.58082224,,train
MOL_58132,success,-8.92881571,-8.6054039,0.32341181,,train
MOL_62719,success,-9.35226242,-8.06019266,1.29206976,,train
MOL_84202,success,-9.17316676,-8.19051854,0.98264822,,train
MOL_29092,success,-9.132307,-8.30198386,0.83032313,,train
MOL_68709,success,-9.35465268,-8.12414845,1.23050423,,train
MOL_23263,success,-9.16075598,-8.31064911,0.85010688,,train
MOL_39499,success,-8.99304767,-8.51689073,0.47615694,,train
MOL_60350,success,-9.37947312,-8.1452169,1.23425622,,train
MOL_33562,success,-9.17347151,-8.28142452,0.89204699,,train
MOL_59214,success,-8.91190996,-8.59134508,0.32056488,,train
MOL_94883,success,-9.39370315,-7.98965958,1.40404357,,train
MOL_49469,success,-9.36614665,-8.04456773,1.32157893,,train
MOL_76358,success,-9.34788907,-8.14863875,1.19925033,,train
MOL_38318,success,-9.27076962,-8.21777712,1.0529925,,train
MOL_17576,success,-9.10281588,-8.41834913,0.68446674,,train
MOL_59295,success,-9.02726088,-8.47578482,0.55147607,,train
MOL_44394,success,-9.01666395,-8.47838492,0.53827903,,train
MOL_84097,success,-8.81260467,-8.72525075,0.08735392,,train
MOL_31874,success,-9.12621269,-8.43395251,0.69226018,,train
MOL_14557,success,-8.7907431,-8.76795658,0.02278652,,train
MOL_63795,success,-9.16309086,-8.35130819,0.81178267,,train
MOL_98551,success,-9.20404151,-8.29871533,0.90532618,,train
MOL_04288,success,-9.06871122,-8.39408581,0.67462541,,train
MOL_94550,success,-9.22345064,-8.2822473,0.94120334,,train
MOL_05014,success,-9.2554258,-8.28908199,0.9663438,,train
MOL_32398,success,-9.39461733,-8.06847477,1.32614256,,train
MOL_48730,success,-8.87779407,-8.57114472,0.30664935,,train
MOL_77853,success,-8.77921263,-8.72209988,0.05711275,,train
MOL_87740,success,-9.06656331,-8.4002214,0.66634191,,train
MOL_04800,success,-8.83483406,-8.71705704,0.11777701,,train
MOL_73466,success,-8.795215,-8.71027506,0.08493995,,train
MOL_66123,success,-9.07899984,-8.41315042,0.66584943,,train
MOL_18690,success,-9.18931994,-8.32000112,0.86931882,,train
MOL_36285,success,-8.99709309,-8.56978974,0.42730335,,train
MOL_43292,success,-8.91997783,-8.5610676,0.35891023,,train
MOL_31509,success,-9.25592313,-8.14334082,1.11258231,,train
MOL_72835,success,-9.26128644,-8.2646832,0.99660324,,train
MOL_01879,success,-9.23500814,-8.28696752,0.94804061,,train
MOL_09192,success,-8.95391739,-8.51347618,0.44044121,,train
MOL_72918,success,-9.04715513,-8.4738747,0.57328043,,train
MOL_50663,success,-9.11756057,-8.3267394,0.79082117,,train
MOL_98056,success,-9.40859355,-7.8550349,1.55355865,,train
MOL_85701,success,-9.05484055,-8.46220839,0.59263216,,train
MOL_03677,success,-9.29156198,-8.14670893,1.14485304,,train
MOL_55658,success,-8.8225099,-8.67718238,0.14532752,,train
MOL_20416,success,-9.07789207,-8.39889821,0.67899386,,train
MOL_56916,success,-9.41996048,-8.01169052,1.40826996,,train
MOL_87280,success,-9.17639576,-8.36292157,0.81347419,,train
MOL_73125,success,-8.90717381,-8.49283092,0.41434289,,train
MOL_79334,success,-9.24423181,-8.24026453,1.00396728,,train
MOL_48581,success,-9.1060587,-8.35995577,0.74610293,,train
MOL_64527,success,-9.33754852,-8.17158634,1.16596218,,train
MOL_99071,success,-9.12003606,-8.38243886,0.7375972,,train
MOL_65126,success,-8.93884956,-8.57964218,0.35920738,,train
MOL_62308,success,-9.40476886,-7.98958508,1.41518378,,train
MOL_19048,success,-9.0615083,-8.45256683,0.60894147,,train
MOL_07670,success,-9.26618488,-8.16216705,1.10401783,,train
MOL_73935,success,-9.50843775,-7.99455649,1.51388126,,train
MOL_00910,success,-9.18493897,-8.3622134,0.82272557,,train
MOL_34278,success,-9.15231335,-8.35677862,0.79553473,,train
MOL_36111,success,-9.16409361,-8.35587861,0.808215,,train
MOL_78938,success,-9.42614524,-8.04427283,1.38187241,,train
MOL_93252,success,-9.34897513,-8.11314009,1.23583504,,train
MOL_82505,success,-9.16250819,-8.29904903,0.86345917,,train
MOL_11659,success,-9.02089268,-8.49011206,0.53078062,,train
MOL_18438,success,-8.98814234,-8.51652618,0.47161616,,train
MOL_93456,success,-9.20228398,-8.26443053,0.93785345,,train
MOL_08851,success,-9.35629635,-8.11174859,1.24454776,,train
MOL_92413,success,-9.28617939,-8.17423067,1.11194871,,train
MOL_24296,success,-8.95175729,-8.53995108,0.41180621,,train
MOL_68210,success,-9.1821075,-8.27319698,0.90891052,,train
MOL_60672,success,-9.16912382,-8.31817413,0.85094969,,train
MOL_48485,success,-9.20122674,-8.31479146,0.88643528,,train
MOL_31359,success,-9.34510609,-8.12493819,1.2201679,,train
MOL_51823,success,-9.22354464,-8.34390949,0.87963515,,train
MOL_76741,success,-9.39889788,-8.03660943,1.36228844,,train
MOL_44014,success,-9.02762732,-8.50090391,0.52672341,,train
MOL_50713,success,-9.1481805,-8.32762791,0.82055258,,train
MOL_45381,success,-8.8921329,-8.56532836,0.32680454,,train
MOL_04353,success,-9.02477495,-8.48466902,0.54010594,,train
MOL_60239,success,-9.32786619,-8.21604201,1.11182417,,train
MOL_52109,success,-9.20354803,-8.32980334,0.8737447,,train
MOL_72978,success,-8.91294364,-8.59896851,0.31397513,,train
MOL_49370,success,-8.89797645,-8.58116686,0.31680959,,train
MOL_90955,success,-9.05219204,-8.47096347,0.58122856,,train
MOL_38236,success,-9.32343049,-8.16769622,1.15573427,,train
MOL_31768,success,-9.08438509,-8.43323822,0.65114687,,train
MOL_64751,success,-9.34887256,-8.16619196,1.18268061,,train
MOL_95968,success,-9.39057155,-8.08301141,1.30756014,,train
MOL_11439,success,-9.36251176,-8.16021304,1.20229872,,train
MOL_38586,success,-9.15233239,-8.37615143,0.77618096,,train
MOL_86955,success,-8.94169927,-8.60404772,0.33765155,,train
MOL_07151,success,-9.06475598,-8.45972741,0.60502857,,train
MOL_61779,success,-9.12508243,-8.40890798,0.71617445,,train
MOL_91805,success,-9.30707664,-8.18811322,1.11896342,,train
MOL_84831,success,-8.85236514,-8.69992872,0.15243642,,train
MOL_79710,success,-9.08682046,-8.41201305,0.67480741,,train
MOL_95403,success,-9.23577413,-8.24341186,0.99236227,,train
MOL_68901,success,-9.12800623,-8.35708864,0.77091759,,train
MOL_91062,success,-9.27925912,-8.23420556,1.04505356,,train
MOL_70038,success,-8.85030856,-8.73619655,0.11411202,,train
MOL_54462,success,-8.81359573,-8.71177081,0.10182491,,train
MOL_12340,success,-9.30866517,-8.14995354,1.15871163,,train
MOL_41464,success,-9.33192864,-8.12513551,1.20679313,,train
MOL_80398,success,-9.29214668,-8.21125958,1.0808871,,train
MOL_79768,success,-8.87478734,-8.63124054,0.2435468,,train
MOL_28599,success,-9.11012491,-8.40569345,0.70443147,,train
MOL_16960,success,-9.19858973,-8.29210669,0.90648304,,train
MOL_99550,success,-8.81542307,-8.72838488,0.08703819,,train
MOL_96252,success,-9.22693929,-8.2128967,1.01404259,,train
MOL_89259,success,-9.00783529,-8.5099556,0.49787969,,train
MOL_80303,success,-9.01959963,-8.53585166,0.48374797,,train
MOL_86053,success,-8.81308043,-8.72010055,0.09297987,,train
MOL_61131,success,-9.29612422,-8.12784376,1.16828046,,train
MOL_70846,success,-9.06766905,-8.46025072,0.60741833,,train
MOL_15867,success,-9.13259981,-8.4127516,0.71984822,,train
MOL_75491,success,-9.50173172,-7.94273562,1.55899611,,train
MOL_82137,success,-9.02985759,-8.44014317,0.58971442,,train
MOL_24021,success,-8.86008932,-8.63030795,0.22978136,,train
MOL_76190,success,-9.36125844,-8.03928247,1.32197597,,train
MOL_48438,success,-8.91947213,-8.63349537,0.28597676,,train
MOL_05663,success,-9.10820746,-8.37136907,0.73683839,,train
MOL_05625,success,-9.43784618,-8.05241146,1.38543472,,train
MOL_27456,success,-9.0622216,-8.43611364,0.62610797,,train
MOL_47889,success,-9.03195243,-8.46513851,0.56681392,,train
MOL_21500,success,-9.3163328,-8.13477857,1.18155423,,train
MOL_03772,success,-9.244043,-8.2942453,0.9497977,,train
MOL_28858,success,-9.37861059,-8.11417656,1.26443403,,train
MOL_18580,success,-8.88198532,-8.68785587,0.19412945,,train
MOL_08661,success,-9.02367471,-8.57542281,0.4482519,,train
MOL_77121,success,-9.34083218,-8.09957156,1.24126063,,train
MOL_80948,success,-9.21739847,-8.22292475,0.99447372,,train
MOL_00745,success,-9.40693585,-8.0807423,1.32619355,,train
MOL_32635,success,-9.45714003,-8.09073285,1.36640718,,train
MOL_45525,success,-8.81359995,-8.69965459,0.11394536,,train
MOL_59978,success,-8.76409952,-8.76217319,0.00192632,,train
MOL_67968,success,-8.86124469,-8.60187148,0.25937321,,train
MOL_59795,success,-9.15934401,-8.29429903,0.86504498,,train
MOL_39907,success,-9.2970213,-8.20115904,1.09586226,,train
MOL_85569,success,-9.26792447,-8.18676143,1.08116303,,train
MOL_03127,success,-8.99662361,-8.52910461,0.467519,,train
MOL_26621,success,-8.87366779,-8.64196764,0.23170016,,train
MOL_02548,success,-9.39566612,-8.12966401,1.26600211,,train
MOL_78248,success,-9.23122223,-8.26002147,0.97120076,,train
MOL_42725,success,-9.15681556,-8.37094425,0.78587132,,train
MOL_85002,success,-9.11401085,-8.37753164,0.73647921,,train
MOL_77650,success,-9.18735592,-8.34327466,0.84408125,,train
MOL_22071,success,-8.83011677,-8.71985019,0.11026658,,train
MOL_32076,success,-9.37718908,-8.11480382,1.26238527,,train
MOL_89127,success,-9.38239481,-8.14515366,1.23724116,,train
MOL_74748,success,-8.8988118,-8.62046778,0.27834402,,train
MOL_57825,success,-9.4125416,-8.0492254,1.3633162,,train
MOL_60728,success,-9.05495579,-8.38720641,0.66774938,,train
MOL_43701,success,-9.05452156,-8.47069812,0.58382344,,train
MOL_74646,success,-8.76251724,-8.71850471,0.04401253,,train
MOL_74010,success,-9.26414484,-8.22418088,1.03996396,,train
MOL_75266,success,-9.42609085,-8.03541993,1.39067093,,train
MOL_63542,success,-9.28121991,-8.23668663,1.04453327,,train
MOL_31149,success,-9.06992067,-8.40938911,0.66053156,,train
MOL_77457,success,-9.47556802,-7.94206556,1.53350246,,train
MOL_64686,success,-9.40589391,-8.01915477,1.38673914,,train
MOL_52694,success,-8.98272754,-8.50676882,0.47595872,,train
MOL_69647,success,-9.18567425,-8.36158352,0.82409073,,train
MOL_83574,success,-9.38261514,-8.15268388,1.22993126,,train
MOL_06919,success,-9.34904215,-8.12241278,1.22662937,,train
MOL_29138,success,-9.24622572,-8.27885361,0.96737211,,train
MOL_11150,success,-9.39616737,-8.07889354,1.31727383,,train
MOL_21782,success,-9.18101772,-8.28633669,0.89468103,,train
MOL_87090,success,-9.43626306,-8.04564735,1.39061571,,train
MOL_73210,success,-9.21088479,-8.30536034,0.90552445,,train
MOL_91596,success,-8.98096269,-8.52024365,0.46071904,,train
MOL_03576,success,-9.14254727,-8.3610102,0.78153707,,train
MOL_12076,success,-9.23110765,-8.25612407,0.97498358,,train
MOL_58255,success,-8.74675335,-8.67256706,0.07418628,,train
MOL_13425,success,-9.2904858,-8.23559001,1.05489578,,train
MOL_63883,success,-9.22805344,-8.30138221,0.92667123,,train
MOL_01628,success,-8.96339669,-8.60350289,0.3598938,,train
MOL_65289,success,-8.86177957,-8.61694989,0.24482968,,train
MOL_16336,success,-9.42751633,-8.10640758,1.32110875,,train
MOL_51653,success,-9.09249621,-8.38166737,0.71082883,,train
MOL_65229,success,-9.20941431,-8.29364552,0.91576879,,train
MOL_55085,success,-9.05812554,-8.35616597,0.70195957,,train
MOL_37792,success,-8.87515719,-8.66474754,0.21040966,,train
MOL_00042,success,-9.5190982,-7.95224285,1.56685535,,train
MOL_99560,success,-9.19232841,-8.30469385,0.88763455,,train
MOL_42931,success,-9.29507407,-8.19069337,1.1043807,,train
MOL_48847,success,-9.05524752,-8.47941564,0.57583188,,train
MOL_55433,success,-9.2603023,-8.25278698,1.00751532,,train
MOL_29736,success,-9.18065026,-8.37283984,0.80781042,,train
MOL_92361,success,-9.24180817,-8.26654575,0.97526241,,train
MOL_89832,success,-9.34909532,-8.14172981,1.20736551,,train
MOL_67066,success,-8.85867427,-8.7071006,0.15157367,,train
MOL_32741,success,-9.17874722,-8.3457776,0.83296962,,train
MOL_92129,success,-8.81669392,-8.70511643,0.11157749,,train
MOL_34017,success,-8.79739699,-8.72596665,0.07143034,,train
MOL_28457,success,-9.30665968,-8.10756764,1.19909204,,train
MOL_29498,success,-9.28012387,-8.21666083,1.06346304,,train
MOL_60614,success,-8.94246427,-8.59664288,0.34582138,,train
MOL_59991,success,-9.28375618,-8.28723829,0.9965179,,train
MOL_27871,success,-9.40887473,-8.0777929,1.33108183,,train
MOL_41676,success,-9.2045734,-8.28624284,0.91833056,,train
MOL_08728,success,-9.0609761,-8.44070263,0.62027347,,train
MOL_25807,success,-9.25635961,-8.21727856,1.03908105,,train
MOL_34969,success,-9.34757661,-8.13893585,1.20864076,,train
MOL_53812,success,-8.91623094,-8.52122249,0.39500845,,train
MOL_62528,success,-9.01576839,-8.45957326,0.55619512,,train
MOL_82242,success,-9.20074361,-8.37272687,0.82801674,,train
MOL_97578,success,-9.20890889,-8.28794345,0.92096544,,train
MOL_17564,success,-9.06278208,-8.38887745,0.67390464,,train
MOL_94999,success,-9.35605457,-8.07074898,1.28530559,,train
MOL_69564,success,-9.37704231,-8.0196504,1.3573919,,train
MOL_08762,success,-9.29630167,-8.18755959,1.10874208,,train
MOL_00506,success,-9.0129961,-8.50840482,0.50459128,,train
MOL_80155,success,-9.06629843,-8.40856269,0.65773574,,train
MOL_00612,success,-9.12210015,-8.38255308,0.73954707,,train
MOL_48786,success,-8.8178482,-8.68759295,0.13025524,,train
MOL_67490,success,-9.46057443,-7.97807911,1.48249532,,train
MOL_91025,success,-9.17561629,-8.28143316,0.89418313,,train
MOL_39734,success,-9.17625784,-8.34075071,0.83550713,,train
MOL_42826,success,-9.10276472,-8.385868,0.71689672,,train
MOL_05577,success,-9.6058364,-7.82924367,1.77659273,,train
MOL_34036,success,-9.52002899,-7.93261184,1.58741715,,train
MOL_27997,success,-8.87913362,-8.62088695,0.25824666,,train
MOL_24590,success,-8.94277104,-8.54149649,0.40127455,,train
MOL_90925,success,-9.44753192,-7.9981181,1.44941382,,train
MOL_83602,success,-8.7796663,-8.65903339,0.12063291,,train
MOL_62487,success,-9.06721744,-8.46038836,0.60682909,,train
MOL_87911,success,-8.95112821,-8.51659553,0.43453269,,train
MOL_64293,success,-9.0192467,-8.45974163,0.55950507,,train
MOL_56744,success,-8.90880421,-8.61194914,0.29685507,,train
MOL_96504,success,-9.06984563,-8.42859726,0.64124838,,train
MOL_74223,success,-9.04924865,-8.4708792,0.57836945,,train
MOL_31099,success,-9.36654077,-8.09590407,1.2706367,,train
MOL_42274,success,-8.96087452,-8.54166569,0.41920884,,train
MOL_14992,success,-9.11262644,-8.38540423,0.72722221,,train
MOL_30453,success,-9.38048334,-7.98677201,1.39371133,,train
MOL_22509,success,-9.11517968,-8.40591847,0.70926121,,train
MOL_05987,success,-8.99473866,-8.44542119,0.54931747,,train
MOL_52003,success,-9.04458734,-8.34897902,0.69560832,,train
MOL_34558,success,-9.14611799,-8.28949809,0.8566199,,train
MOL_06379,success,-8.97282866,-8.62109908,0.35172958,,train
MOL_54751,success,-9.02017771,-8.41383502,0.6063427,,train
MOL_75614,success,-8.90472192,-8.60540854,0.29931338,,train
MOL_12071,success,-9.2622082,-8.18288277,1.07932543,,train
MOL_52084,success,-9.01486221,-8.52429606,0.49056615,,train
MOL_82050,success,-9.16311039,-8.27821225,0.88489814,,train
MOL_98408,success,-9.12535077,-8.37812384,0.74722693,,train
MOL_94875,success,-9.09723672,-8.36752092,0.72971579,,train
MOL_02627,success,-8.94898207,-8.6632228,0.28575927,,train
MOL_25246,success,-9.13012982,-8.38777927,0.74235055,,train
MOL_50271,success,-9.2007014,-8.31595421,0.88474719,,train
MOL_43960,success,-9.24667536,-8.21352391,1.03315145,,train
MOL_33936,success,-9.02827368,-8.54205601,0.48621768,,train
MOL_31711,success,-9.04081058,-8.46778454,0.57302604,,train
MOL_36976,success,-8.94421837,-8.5315307,0.41268767,,train
MOL_29174,success,-9.298969,-8.21248596,1.08648303,,train
MOL_06613,success,-9.23921707,-8.2173002,1.02191687,,train
MOL_24381,success,-9.34338291,-8.13566562,1.20771729,,train
MOL_40813,success,-9.1962184,-8.34690125,0.84931715,,train
MOL_54345,success,-8.86484674,-8.64947977,0.21536697,,train
MOL_70057,success,-9.21093122,-8.26114422,0.949787,,train
MOL_06225,success,-9.05850558,-8.48341784,0.57508774,,train
MOL_39195,success,-8.97377666,-8.5615696,0.41220706,,train
MOL_95914,success,-9.24498942,-8.22951081,1.01547861,,train
MOL_83680,success,-9.31564602,-8.15233953,1.16330648,,train
MOL_55135,success,-9.31976012,-8.12097364,1.19878648,,train
MOL_26410,success,-8.88041895,-8.66819213,0.21222681,,train
MOL_79975,success,-9.20516703,-8.3187252,0.88644183,,train
MOL_42591,success,-9.48527984,-7.99947808,1.48580176,,train
MOL_94874,success,-9.26215625,-8.23100224,1.03115401,,train
MOL_69635,success,-8.89538784,-8.59108594,0.30430189,,train
MOL_85868,success,-9.35317493,-8.08614418,1.26703075,,train
MOL_93154,success,-8.82136473,-8.7135353,0.10782943,,train
MOL_20660,success,-9.51497357,-7.93214248,1.58283109,,train
MOL_61289,success,-9.0808606,-8.43629931,0.64456129,,train
MOL_69466,success,-8.860012,-8.67286095,0.18715104,,train
MOL_92854,success,-9.38297232,-8.09121019,1.29176213,,train
MOL_54163,success,-8.84202594,-8.68248056,0.15954538,,train
MOL_96834,success,-9.12765606,-8.33563224,0.79202382,,train
MOL_24259,success,-9.15871099,-8.34005396,0.81865703,,train
MOL_85100,success,-9.38184008,-8.11841178,1.2634283,,train
MOL_62889,success,-9.02868489,-8.45761973,0.57106516,,train
MOL_70893,success,-9.47514223,-8.00995065,1.46519158,,train
MOL_78924,success,-8.76660428,-8.72112611,0.04547816,,train
MOL_27143,success,-8.7869626,-8.74324556,0.04371705,,train
MOL_38034,success,-9.35084869,-8.15236308,1.19848561,,train
MOL_31554,success,-9.28111508,-8.26415296,1.01696212,,train
MOL_74467,success,-8.81126426,-8.64725702,0.16400724,,train
MOL_66039,success,-9.2757666,-8.17996125,1.09580535,,train
MOL_98966,success,-9.45620668,-7.97033688,1.48586981,,train
MOL_04134,success,-9.18641653,-8.34166192,0.84475461,,train
MOL_42295,success,-9.29251468,-8.21906886,1.07344582,,train
MOL_05281,success,-9.39394094,-8.08697215,1.3069688,,train
MOL_62435,success,-9.15325509,-8.32031219,0.8329429,,train
MOL_16069,success,-9.08967594,-8.4407154,0.64896054,,train
MOL_04260,success,-8.94302661,-8.59653399,0.34649262,,train
MOL_18470,success,-9.37053788,-8.1160532,1.25448467,,train
MOL_11353,success,-9.1904144,-8.309515,0.8808994,,train
MOL_84124,success,-9.14639116,-8.34258242,0.80380874,,train
MOL_22792,success,-8.777387,-8.7753937,0.0019933,,train
MOL_46474,success,-9.17516353,-8.27198195,0.90318158,,train
MOL_93485,success,-9.23604076,-8.24750949,0.98853127,,train
MOL_61701,success,-9.24000055,-8.25846664,0.98153391,,train
MOL_48453,success,-9.04150681,-8.46793897,0.57356784,,train
MOL_17063,success,-9.04178299,-8.51309736,0.52868563,,train
MOL_29853,success,-8.80625846,-8.60847481,0.19778365,,train
MOL_32534,success,-9.02388712,-8.50738351,0.51650361,,train
MOL_53118,success,-9.26765339,-8.2775662,0.99008719,,train
MOL_19509,success,-9.0907217,-8.38368414,0.70703757,,train
MOL_47744,success,-9.33450854,-8.15423614,1.18027239,,train
MOL_33469,success,-9.1434547,-8.40689418,0.73656052,,train
MOL_60223,success,-9.45424984,-8.01472364,1.43952621,,train
MOL_32300,success,-9.03488449,-8.50477334,0.53011116,,train
MOL_37958,success,-9.01279613,-8.55567414,0.45712198,,train
MOL_83711,success,-9.19024,-8.29947772,0.89076228,,train
MOL_82097,success,-8.98887953,-8.53564262,0.45323691,,train
MOL_90778,success,-9.31577628,-8.15581333,1.15996295,,train
MOL_83824,success,-9.36317273,-8.12203891,1.24113382,,train
MOL_09398,success,-9.11918412,-8.3886415,0.73054262,,train
MOL_48935,success,-9.39343746,-8.06139801,1.33203945,,train
MOL_36200,success,-9.09279844,-8.45027438,0.64252406,,train
MOL_51367,success,-9.27507393,-8.2413499,1.03372403,,train
MOL_12443,success,-8.81610806,-8.72932747,0.08678059,,train
MOL_56108,success,-9.1210535,-8.38006666,0.74098683,,train
MOL_85355,success,-9.01942612,-8.48789723,0.53152889,,train
MOL_35814,success,-9.42220292,-8.01615778,1.40604515,,train
MOL_33938,success,-9.32474424,-8.13699831,1.18774593,,train
MOL_28429,success,-8.95095252,-8.6242005,0.32675202,,train
MOL_76241,success,-9.24970218,-8.29769738,0.95200479,,train
MOL_99742,success,-9.23390323,-8.20639579,1.02750744,,train
MOL_92660,success,-9.4620425,-7.98976035,1.47228215,,train
MOL_67110,success,-9.09056169,-8.40736509,0.6831966,,train
MOL_56957,success,-9.09663339,-8.38828982,0.70834357,,train
MOL_02589,success,-9.39009241,-8.11447168,1.27562073,,train
MOL_81369,success,-9.4268428,-7.94390868,1.48293412,,train
MOL_84274,success,-8.94691671,-8.63694676,0.30996995,,train
MOL_07852,success,-8.89832405,-8.53058529,0.36773876,,train
MOL_34765,success,-8.98876417,-8.53388427,0.4548799,,train
MOL_52379,success,-9.08511514,-8.43023169,0.65488344,,train
MOL_88630,success,-9.00851172,-8.47182454,0.53668718,,train
MOL_53630,success,-9.20505155,-8.29129275,0.9137588,,train
MOL_62646,success,-8.88124523,-8.57608207,0.30516315,,train
MOL_52642,success,-9.27985675,-8.20407619,1.07578056,,train
MOL_55906,success,-9.32729714,-8.13009363,1.19720351,,train
MOL_45169,success,-8.91362658,-8.60340446,0.31022212,,train
MOL_47487,success,-9.38015553,-8.11028649,1.26986904,,train
MOL_43773,success,-9.28442467,-8.1901996,1.09422507,,train
MOL_45778,success,-9.36242418,-8.10884104,1.25358313,,train
MOL_28353,success,-9.0646695,-8.40730094,0.65736856,,train
MOL_97440,success,-8.88096235,-8.62943718,0.25152517,,train
MOL_51878,success,-9.05503725,-8.46688846,0.5881488,,train
MOL_71008,success,-9.31417318,-8.16967311,1.14450007,,train
MOL_38052,success,-8.82658286,-8.6987101,0.12787276,,train
MOL_55385,success,-9.09927923,-8.43150629,0.66777294,,train
MOL_54316,success,-9.36830708,-8.170938,1.19736908,,train
MOL_00948,success,-9.50211522,-7.94856849,1.55354673,,train
MOL_15494,success,-9.18714827,-8.29411274,0.89303553,,train
MOL_22393,success,-8.80227612,-8.70771652,0.09455959,,train
MOL_78386,success,-9.33160714,-8.17017817,1.16142897,,train
MOL_13643,success,-9.06409284,-8.39104327,0.67304958,,train
MOL_06011,success,-9.38458757,-8.07329367,1.3112939,,train
MOL_01292,success,-9.26184988,-8.25220337,1.00964651,,train
MOL_70813,success,-9.30426411,-8.16356232,1.14070179,,train
MOL_95438,success,-9.14793772,-8.3669685,0.78096922,,train
MOL_48720,success,-9.23663598,-8.22505819,1.01157779,,train
MOL_03680,success,-9.3814953,-8.12356312,1.25793218,,train
MOL_73497,success,-9.49382329,-7.872984,1.62083928,,train
MOL_60364,success,-9.02443712,-8.52765535,0.49678176,,train
MOL_04718,success,-8.96981152,-8.58299737,0.38681415,,train
MOL_03904,success,-9.05828743,-8.40577425,0.65251318,,train
MOL_93428,success,-9.50583046,-7.8689231,1.63690736,,train
MOL_92789,success,-9.1159939,-8.40797237,0.70802153,,train
MOL_91125,success,-8.99685637,-8.50587518,0.4909812,,train
MOL_62410,success,-8.87139569,-8.61486581,0.25652988,,train
MOL_21302,success,-9.33717165,-8.08458776,1.25258389,,train
MOL_16080,success,-9.34227152,-8.1936295,1.14864203,,train
MOL_80260,success,-9.46689548,-7.99616092,1.47073456,,train
MOL_47742,success,-9.33244385,-8.15763834,1.17480551,,train
MOL_62797,success,-9.30090947,-8.15557627,1.1453332,,train
MOL_81469,success,-8.97937178,-8.55696945,0.42240232,,train
MOL_51151,success,-9.01717283,-8.52280683,0.494366,,train
MOL_53781,success,-9.21417751,-8.28324551,0.930932,,train
MOL_13715,success,-9.10433869,-8.38981422,0.71452447,,train
MOL_59288,success,-9.14705378,-8.40967612,0.73737767,,train
MOL_74398,success,-9.20571033,-8.28092758,0.92478275,,train
MOL_06230,success,-9.08681403,-8.39265171,0.69416232,,train
MOL_05372,success,-9.35404539,-8.02532392,1.32872147,,train
MOL_86413,success,-9.21296379,-8.33466357,0.87830022,,train
MOL_49751,success,-8.92037293,-8.5785179,0.34185504,,train
MOL_13545,success,-9.01625383,-8.56844174,0.44781209,,train
MOL_69396,success,-9.40643201,-8.08130838,1.32512363,,train
MOL_79918,success,-9.35894523,-8.07055331,1.28839191,,train
MOL_92708,success,-9.06416602,-8.4525472,0.61161882,,train
MOL_08616,success,-9.26021385,-8.22336694,1.03684691,,train
MOL_13166,success,-9.24436723,-8.20328078,1.04108644,,train
MOL_32134,success,-8.83151137,-8.66103806,0.1704733,,train
MOL_97574,success,-9.12796046,-8.41895415,0.70900631,,train
MOL_28249,success,-9.22040947,-8.2537241,0.96668538,,train
MOL_69357,success,-8.99310938,-8.46719229,0.52591709,,train
MOL_45238,success,-9.07412366,-8.42638783,0.64773583,,train
MOL_92563,success,-9.34376467,-8.17342237,1.17034231,,train
MOL_70607,success,-9.20138647,-8.28970826,0.91167821,,train
MOL_98535,success,-8.859517,-8.67066381,0.18885319,,train
MOL_49357,success,-9.29357296,-8.05039489,1.24317807,,train
MOL_01814,success,-9.24197991,-8.22583073,1.01614918,,train
MOL_63794,success,-8.81626167,-8.68332633,0.13293534,,train
MOL_66999,success,-9.22552951,-8.23989364,0.98563587,,train
MOL_95127,success,-9.12359632,-8.37265733,0.750939,,train
MOL_25777,success,-9.54602305,-7.82130535,1.7247177,,train
MOL_31462,success,-9.01903429,-8.50941818,0.50961611,,train
MOL_28504,success,-9.19616885,-8.31723791,0.87893094,,train
MOL_22668,success,-8.80082561,-8.71363181,0.0871938,,train
MOL_18642,success,-8.76161893,-8.69819811,0.06342082,,train
MOL_93497,success,-9.45256393,-7.9970185,1.45554543,,train
MOL_21693,success,-8.94179343,-8.53348849,0.40830494,,train
MOL_80860,success,-9.12173444,-8.38441593,0.73731852,,train
MOL_43114,success,-9.06390223,-8.42027283,0.64362941,,train
MOL_14066,success,-8.89498145,-8.60330491,0.29167654,,train
MOL_63489,success,-9.43232653,-8.04030259,1.39202394,,train
MOL_53882,success,-9.44461445,-8.01722541,1.42738904,,train
MOL_17119,success,-9.18856463,-8.31602004,0.87254459,,train
MOL_30271,success,-9.3841635,-8.06808881,1.31607469,,train
MOL_43017,success,-8.94183672,-8.61828195,0.32355477,,train
MOL_09804,success,-8.9905628,-8.54765633,0.44290647,,train
MOL_19781,success,-8.9595589,-8.52704717,0.43251172,,train
MOL_18400,success,-9.32136874,-8.16560156,1.15576719,,train
MOL_03364,success,-8.82712491,-8.69659331,0.1305316,,train
MOL_28762,success,-9.23940983,-8.29430577,0.94510406,,train
MOL_72425,success,-9.04593833,-8.473527,0.57241133,,train
MOL_10205,success,-9.41660639,-8.05502044,1.36158594,,train
MOL_36426,success,-9.24983921,-8.29625876,0.95358045,,train
MOL_99502,success,-9.32585545,-8.20167134,1.12418411,,train
MOL_53691,success,-8.99883108,-8.53752281,0.46130828,,train
MOL_51779,success,-9.11262249,-8.46114546,0.65147704,,train
MOL_47905,success,-9.345391,-8.12932831,1.21606269,,train
MOL_86615,success,-8.77143812,-8.71886721,0.05257091,,train
MOL_48564,success,-8.80999887,-8.71140127,0.0985976,,train
MOL_18927,success,-9.20624657,-8.26630671,0.93993986,,train
MOL_84222,success,-8.82366718,-8.72395175,0.09971544,,train
MOL_49206,success,-9.15451909,-8.30450534,0.85001376,,train
MOL_40506,success,-9.24046203,-8.25801074,0.98245129,,train
MOL_02101,success,-8.8634777,-8.65027268,0.21320502,,train
MOL_47244,success,-9.19270535,-8.24732634,0.94537901,,train
MOL_80822,success,-8.86494133,-8.62266488,0.24227645,,train
MOL_93712,success,-9.25947609,-8.24035687,1.01911922,,train
MOL_88532,success,-9.17036108,-8.3275641,0.84279698,,train
MOL_30013,success,-9.29042998,-8.14533509,1.14509489,,train
MOL_95353,success,-9.23417305,-8.15891311,1.07525994,,train
MOL_52783,success,-9.40710278,-8.06988522,1.33721756,,train
MOL_53737,success,-8.91500775,-8.60852761,0.30648014,,train
MOL_22030,success,-9.17140519,-8.34634889,0.82505629,,train
MOL_68572,success,-9.11418542,-8.36370841,0.75047701,,train
MOL_27199,success,-8.99027651,-8.41574738,0.57452913,,train
MOL_90935,success,-9.11450178,-8.24224784,0.87225394,,train
MOL_72640,success,-9.16284575,-8.31206644,0.85077932,,train
MOL_40659,success,-9.05951104,-8.38894209,0.67056895,,train
MOL_73500,success,-9.37831626,-8.10959711,1.26871914,,train
MOL_30546,success,-9.23573735,-8.32021338,0.91552397,,train
MOL_25266,success,-9.37303067,-8.10143754,1.27159312,,train
MOL_28544,success,-9.12140831,-8.4143884,0.70701991,,train
MOL_78819,success,-8.9755435,-8.50096164,0.47458186,,train
MOL_82053,success,-9.32759833,-8.1846715,1.14292684,,train
MOL_30956,success,-9.216878,-8.24860437,0.96827363,,train
MOL_11163,success,-8.94589455,-8.58510004,0.36079451,,train
MOL_73123,success,-9.2661296,-8.26490113,1.00122847,,train
MOL_01443,success,-9.00320977,-8.49580577,0.507404,,train
MOL_59970,success,-9.52421681,-7.96966348,1.55455333,,train
MOL_00587,success,-9.23256829,-8.26043939,0.9721289,,train
MOL_75806,success,-9.38710321,-8.0637085,1.32339471,,train
MOL_29970,success,-9.28481341,-8.22113655,1.06367686,,train
MOL_69090,success,-9.37128382,-8.16719094,1.20409287,,train
MOL_02855,success,-9.23388329,-8.27733239,0.9565509,,train
MOL_86056,success,-8.99755752,-8.57975871,0.41779881,,train
MOL_99978,success,-8.78142356,-8.68182363,0.09959993,,train
MOL_04698,success,-8.85376113,-8.6308911,0.22287003,,train
MOL_86594,success,-8.805807,-8.69605141,0.1097556,,train
MOL_43747,success,-9.10271967,-8.43619772,0.66652195,,train
MOL_26781,success,-8.75756302,-8.75606041,0.00150261,,train
MOL_42177,success,-9.21893816,-8.30284491,0.91609325,,train
MOL_62532,success,-9.26255571,-8.21493082,1.04762489,,train
MOL_70215,success,-9.23049082,-8.23215076,0.99834005,,train
MOL_12038,success,-8.94197729,-8.53261215,0.40936514,,train
MOL_43927,success,-9.40818554,-8.09778128,1.31040426,,train
MOL_36954,success,-9.45973273,-8.01781214,1.44192059,,train
MOL_08464,success,-9.45816079,-7.99412698,1.46403381,,train
MOL_82821,success,-9.41422171,-8.03416811,1.3800536,,train
MOL_46556,success,-9.06606589,-8.38252359,0.6835423,,train
MOL_18249,success,-9.13204355,-8.27652345,0.8555201,,train
MOL_97349,success,-9.16043901,-8.31989283,0.84054618,,train
MOL_52662,success,-9.17014323,-8.32287946,0.84726377,,train
MOL_29548,success,-9.02899226,-8.50510796,0.52388429,,train
MOL_16676,success,-9.06510729,-8.39645791,0.66864938,,train
MOL_07249,success,-9.21317893,-8.23923101,0.97394792,,train
MOL_17305,success,-9.10118974,-8.40619282,0.69499692,,train
MOL_61488,success,-9.16239833,-8.30288189,0.85951644,,train
MOL_13235,success,-9.32794012,-8.00634678,1.32159334,,train
MOL_55098,success,-9.27314056,-8.23420971,1.03893086,,train
MOL_84671,success,-9.29163782,-8.1473341,1.14430372,,train
MOL_63989,success,-9.32655342,-8.19140839,1.13514503,,train
MOL_60630,success,-9.40208866,-8.076214,1.32587466,,train
MOL_53991,success,-9.14565473,-8.34941652,0.79623821,,train
MOL_12207,success,-9.46039227,-7.99965597,1.4607363,,train
MOL_89751,success,-8.78898333,-8.77703369,0.01194964,,train
MOL_92324,success,-8.98470943,-8.50094721,0.48376221,,train
MOL_55106,success,-8.90339512,-8.52762465,0.37577047,,train
MOL_20601,success,-8.82205301,-8.69929015,0.12276286,,train
MOL_27028,success,-9.01871848,-8.51923716,0.49948132,,train
MOL_38187,success,-8.79143961,-8.67668224,0.11475737,,train
MOL_75071,success,-9.06723943,-8.4471441,0.62009534,,train
MOL_76679,success,-9.32245258,-8.13434282,1.18810977,,train
MOL_77711,success,-9.0571235,-8.43905299,0.61807051,,train
MOL_49154,success,-8.87662369,-8.6417139,0.23490979,,train
MOL_04734,success,-9.20928296,-8.23108427,0.97819869,,train
MOL_36786,success,-9.35350873,-8.13541355,1.21809518,,train
MOL_97408,success,-9.5276321,-7.87613473,1.65149736,,train
MOL_22323,success,-9.04844734,-8.37865598,0.66979136,,train
MOL_17476,success,-9.1527334,-8.34657613,0.80615727,,train
MOL_27881,success,-8.86261596,-8.6440739,0.21854206,,train
MOL_77459,success,-9.26752188,-8.22456127,1.04296061,,train
MOL_87445,success,-9.3752481,-8.03933597,1.33591213,,train
MOL_18427,success,-9.10608951,-8.42427191,0.6818176,,train
MOL_30762,success,-9.01205487,-8.47034455,0.54171032,,train
MOL_80337,success,-9.21234786,-8.28274924,0.92959862,,train
MOL_08159,success,-9.25852564,-8.24356123,1.01496442,,train
MOL_51105,success,-9.14075354,-8.39091742,0.74983612,,train
MOL_10160,success,-8.83730561,-8.69823922,0.13906639,,train
MOL_07900,success,-8.95428001,-8.55108155,0.40319846,,train
MOL_91874,success,-9.25029416,-8.21305101,1.03724315,,train
MOL_63340,success,-9.41237688,-8.09355572,1.31882116,,train
MOL_61355,success,-9.25138288,-8.24914017,1.00224271,,train
MOL_45538,success,-8.80795039,-8.70698132,0.10096907,,train
MOL_65963,success,-9.07298987,-8.38026719,0.69272267,,train
MOL_52107,success,-9.26663721,-8.22285308,1.04378413,,train
MOL_33251,success,-8.97244771,-8.53179813,0.44064958,,train
MOL_84215,success,-9.07689654,-8.41398249,0.66291405,,train
MOL_19308,success,-9.28676656,-8.21990303,1.06686353,,train
MOL_57944,success,-9.44719145,-8.02580887,1.42138258,,train
MOL_96742,success,-8.98865752,-8.58862654,0.40003098,,train
MOL_88365,success,-9.34594303,-8.03309842,1.31284461,,train
MOL_50455,success,-9.31991237,-8.18208257,1.1378298,,train
MOL_12290,success,-8.80921314,-8.70898044,0.1002327,,train
MOL_12210,success,-9.2501828,-8.21001022,1.04017258,,train
MOL_01198,success,-9.20162774,-8.2887845,0.91284323,,train
MOL_77813,success,-8.79866825,-8.63944896,0.15921929,,train
MOL_73267,success,-8.77555166,-8.76924773,0.00630393,,train
MOL_24519,success,-9.38686105,-8.15160703,1.23525403,,train
MOL_70319,success,-9.39598578,-8.06717458,1.3288112,,train
MOL_06242,success,-9.11962788,-8.36461211,0.75501578,,train
MOL_23205,success,-9.04663366,-8.43315357,0.61348009,,train
MOL_57821,success,-9.05928737,-8.48438502,0.57490234,,train
MOL_40473,success,-8.96251763,-8.62439382,0.33812381,,train
MOL_33368,success,-9.05558423,-8.43801577,0.61756845,,train
MOL_70182,success,-9.39743094,-8.15078944,1.24664151,,train
MOL_78528,success,-9.35756605,-8.06156395,1.29600209,,train
MOL_90274,success,-8.92747076,-8.59871207,0.32875868,,train
MOL_34291,success,-9.09081728,-8.45034706,0.64047023,,train
MOL_99018,success,-8.84373558,-8.64865916,0.19507642,,train
MOL_50119,success,-9.40426851,-8.11703004,1.28723847,,train
MOL_26913,success,-9.02028255,-8.52278066,0.49750189,,train
MOL_87514,success,-9.36860071,-8.03648302,1.33211769,,train
MOL_08925,success,-9.03186371,-8.46415443,0.56770928,,train
MOL_62551,success,-9.37198721,-8.06657337,1.30541384,,train
MOL_35773,success,-9.03800812,-8.55866951,0.47933861,,train
MOL_91423,success,-9.40602788,-8.05995123,1.34607665,,train
MOL_60564,success,-9.14687911,-8.37137606,0.77550305,,train
MOL_90633,success,-9.06209676,-8.41971133,0.64238543,,train
MOL_13652,success,-9.26253684,-8.24831163,1.01422521,,train
MOL_89084,success,-9.15298698,-8.33321504,0.81977193,,train
MOL_63034,success,-9.07963137,-8.38504471,0.69458666,,train
MOL_59203,success,-8.79330962,-8.77264634,0.02066328,,train
MOL_63804,success,-9.22118667,-8.27241231,0.94877436,,train
MOL_17239,success,-9.18955451,-8.30787048,0.88168403,,train
MOL_27899,success,-8.84518124,-8.67470045,0.17048078,,train
MOL_57913,success,-9.25967077,-8.1479844,1.11168638,,train
MOL_97705,success,-9.46550483,-7.97460023,1.4909046,,train
MOL_62691,success,-8.85196105,-8.58140925,0.2705518,,train
MOL_56618,success,-9.36694005,-7.94949724,1.41744282,,train
MOL_61567,success,-9.15763638,-8.36649653,0.79113986,,train
MOL_36620,success,-9.55957258,-7.94431091,1.61526166,,train
MOL_99779,success,-9.07126286,-8.40348378,0.66777908,,train
MOL_12705,success,-8.92013134,-8.54241442,0.37771692,,train
MOL_73227,success,-9.13685884,-8.3600735,0.77678535,,train
MOL_36362,success,-8.93253299,-8.52784704,0.40468595,,train
MOL_46762,success,-9.16195707,-8.3522295,0.80972757,,train
MOL_31514,success,-9.35910942,-8.08269273,1.27641669,,train
MOL_61906,success,-9.2755879,-8.26797783,1.00761006,,train
MOL_30652,success,-8.96042505,-8.30964372,0.65078132,,train
MOL_17021,success,-9.33886325,-8.14692588,1.19193737,,train
MOL_66491,success,-9.00357681,-8.50425484,0.49932197,,train
MOL_02828,success,-8.86681034,-8.53743439,0.32937595,,train
MOL_98431,success,-8.93797098,-8.6104654,0.32750558,,train
MOL_78151,success,-9.1839792,-8.24068265,0.94329654,,train
MOL_48072,success,-8.91697742,-8.62897804,0.28799938,,train
MOL_45743,success,-9.07745265,-8.45209086,0.62536179,,train
MOL_63840,success,-9.02767153,-8.5604953,0.46717623,,train
MOL_72678,success,-9.37434554,-8.08108284,1.29326271,,train
MOL_46531,success,-9.0365083,-8.40176672,0.63474158,,train
MOL_68093,success,-9.18618953,-8.26598416,0.92020537,,train
MOL_29588,success,-9.24013669,-8.20384415,1.03629254,,train
MOL_36122,success,-9.3221828,-8.08867561,1.23350718,,train
MOL_82662,success,-9.07520977,-8.44512103,0.63008874,,train
MOL_44107,success,-9.00720794,-8.51342464,0.4937833,,train
MOL_55541,success,-9.16076438,-8.3724617,0.78830268,,train
MOL_47773,success,-9.1301297,-8.4414136,0.6887161,,train
MOL_78791,success,-9.08387217,-8.44872428,0.63514789,,train
MOL_76099,success,-8.88982572,-8.63630582,0.2535199,,train
MOL_41523,success,-9.08737858,-8.44970656,0.63767202,,train
MOL_89143,success,-9.04145854,-8.42444609,0.61701245,,train
MOL_74785,success,-9.07192068,-8.37200607,0.69991462,,train
MOL_84484,success,-9.28986943,-8.2254422,1.06442722,,train
MOL_94887,success,-9.00628485,-8.55927139,0.44701346,,train
MOL_08013,success,-8.92742957,-8.60123829,0.32619128,,train
MOL_74343,success,-9.29612233,-8.18550818,1.11061415,,train
MOL_50736,success,-9.43292272,-7.97121786,1.46170486,,train
MOL_20103,success,-9.48044689,-7.93348813,1.54695875,,train
MOL_59817,success,-9.42238392,-8.04717587,1.37520805,,train
MOL_73195,success,-8.95029678,-8.5415634,0.40873338,,train
MOL_12681,success,-9.36427124,-8.14345791,1.22081332,,train
MOL_19296,success,-9.40125179,-8.0950765,1.30617529,,train
MOL_93006,success,-8.77318151,-8.74947925,0.02370227,,train
MOL_90467,success,-8.99910984,-8.56412448,0.43498536,,train
MOL_62088,success,-9.24387477,-8.25164943,0.99222534,,train
MOL_71823,success,-9.1923686,-8.25236285,0.94000576,,train
MOL_95722,success,-8.88657906,-8.57204528,0.31453378,,train
MOL_26577,success,-8.95659576,-8.56961896,0.38697681,,train
MOL_18954,success,-9.35125989,-8.13915222,1.21210767,,train
MOL_79846,success,-9.30515824,-8.12011008,1.18504816,,train
MOL_24311,success,-9.14644693,-8.41159973,0.7348472,,train
MOL_87369,success,-9.31487324,-8.20153123,1.11334201,,train
MOL_68545,success,-9.18948467,-8.36000558,0.82947909,,train
MOL_49552,success,-9.1633249,-8.31001325,0.85331165,,train
MOL_91718,success,-9.25306102,-8.28856957,0.96449145,,train
MOL_79580,success,-9.27931798,-8.1268884,1.15242958,,train
MOL_12195,success,-9.21387386,-8.2566174,0.95725645,,train
MOL_67424,success,-9.19877389,-8.3164398,0.8823341,,train
MOL_40809,success,-9.48480317,-7.98117025,1.50363292,,train
MOL_15511,success,-8.88542199,-8.60835628,0.27706571,,train
MOL_85191,success,-9.44405702,-7.98499414,1.45906288,,train
MOL_22097,success,-9.24106405,-8.21317241,1.02789164,,train
MOL_47387,success,-8.98515736,-8.52494821,0.46020915,,train
MOL_39343,success,-9.12234019,-8.34704938,0.77529081,,train
MOL_45547,success,-8.93141887,-8.60708921,0.32432965,,train
MOL_16279,success,-9.05557896,-8.42343963,0.63213933,,train
MOL_82022,success,-8.88062517,-8.59421012,0.28641505,,train
MOL_24102,success,-9.22687391,-8.2472695,0.97960441,,train
MOL_95054,success,-9.11704668,-8.31972815,0.79731853,,train
MOL_03890,success,-8.98320933,-8.51375269,0.46945664,,train
MOL_52349,success,-9.3480351,-8.13848923,1.20954586,,train
MOL_62946,success,-9.46206528,-7.94827225,1.51379303,,train
MOL_34457,success,-9.1377211,-8.37788637,0.75983474,,train
MOL_51230,success,-9.25016101,-8.25461844,0.99554257,,train
MOL_90652,success,-9.517602,-7.9492025,1.5683995,,train
MOL_34496,success,-9.14223261,-8.36578162,0.77645099,,train
MOL_12983,success,-9.06983739,-8.43580709,0.6340303,,train
MOL_78994,success,-9.21818505,-8.30105198,0.91713307,,train
MOL_06996,success,-9.2159551,-8.22710468,0.98885042,,train
MOL_56092,success,-9.19903328,-8.31111158,0.8879217,,train
MOL_13522,success,-9.14624054,-8.32201246,0.82422808,,train
MOL_75146,success,-9.00629305,-8.44815026,0.55814279,,train
MOL_52247,success,-8.98413678,-8.45348166,0.53065512,,train
MOL_50844,success,-8.88646831,-8.643237,0.2432313,,train
MOL_35426,success,-8.9537763,-8.60686864,0.34690766,,train
MOL_27615,success,-9.00992571,-8.51038258,0.49954313,,train
MOL_79660,success,-9.26041379,-8.19524615,1.06516765,,train
MOL_44691,success,-9.07964588,-8.38933895,0.69030693,,train
MOL_85517,success,-9.40012463,-7.9979955,1.40212913,,train
MOL_81726,success,-9.14428188,-8.33440282,0.80987907,,train
MOL_82704,success,-9.17854816,-8.25716535,0.92138281,,train
MOL_44812,success,-9.29482305,-8.19113356,1.10368949,,train
MOL_08787,success,-8.80321054,-8.72684188,0.07636866,,train
MOL_32368,success,-9.13799884,-8.33794674,0.8000521,,train
MOL_25973,success,-9.28683956,-8.24456576,1.0422738,,train
MOL_60721,success,-9.05684665,-8.51321175,0.5436349,,train
MOL_18473,success,-8.82208027,-8.69290053,0.12917974,,train
MOL_26870,success,-9.02375368,-8.49094299,0.53281069,,train
MOL_16241,success,-9.17147228,-8.38021761,0.79125467,,train
MOL_10582,success,-8.94801361,-8.55342197,0.39459164,,train
MOL_52679,success,-9.408687,-8.06534045,1.34334655,,train
MOL_22533,success,-8.99580218,-8.5236743,0.47212788,,train
MOL_24406,success,-8.9507686,-8.54539961,0.40536899,,train
MOL_16930,success,-9.26692819,-8.28922616,0.97770203,,train
MOL_15426,success,-8.87829333,-8.66950887,0.20878446,,train
MOL_05129,success,-9.04633736,-8.43625798,0.61007937,,train
MOL_76818,success,-9.31083436,-8.22780962,1.08302474,,train
MOL_46096,success,-9.26645718,-8.27331848,0.99313869,,train
MOL_78327,success,-9.19801342,-8.29529286,0.90272056,,train
MOL_66475,success,-9.36988363,-8.06502521,1.30485842,,train
MOL_01992,success,-9.44006477,-8.00520987,1.4348549,,train
MOL_81308,success,-9.32300161,-8.14790804,1.17509357,,train
MOL_10635,success,-9.3712596,-8.02102044,1.35023916,,train
MOL_95185,success,-8.77628293,-8.74115803,0.0351249,,train
MOL_30263,success,-9.53658505,-7.94146099,1.59512406,,train
MOL_12740,success,-9.04729386,-8.50630279,0.54099107,,train
MOL_65056,success,-9.10682764,-8.43259862,0.67422901,,train
MOL_50049,success,-8.85302174,-8.62663285,0.22638889,,train
MOL_54987,success,-9.22811313,-8.29357582,0.93453731,,train
MOL_05045,success,-8.91542823,-8.50655263,0.40887559,,train
MOL_96082,success,-8.80662483,-8.74972796,0.05689687,,train
MOL_47574,success,-8.79466688,-8.68905954,0.10560734,,train
MOL_95550,success,-9.19468453,-8.318949,0.87573552,,train
MOL_62630,success,-9.28769588,-8.21710903,1.07058685,,train
MOL_51520,success,-8.85339634,-8.65087299,0.20252336,,train
MOL_96278,success,-8.99468074,-8.48549275,0.50918799,,train
MOL_59949,success,-9.12855708,-8.35535325,0.77320384,,train
MOL_58939,success,-9.27360437,-8.19887179,1.07473258,,train
MOL_30331,success,-8.9690387,-8.50042063,0.46861807,,train
MOL_03938,success,-8.75050112,-8.749068,0.00143313,,train
MOL_65765,success,-9.35546178,-8.09023353,1.26522825,,train
MOL_01484,success,-9.07188544,-8.40168131,0.67020414,,train
MOL_91352,success,-9.17908843,-8.36636558,0.81272285,,train
MOL_17022,success,-9.25977857,-8.23105883,1.02871975,,train
MOL_90757,success,-8.94059516,-8.59537062,0.34522454,,train
MOL_50028,success,-9.07600288,-8.38868641,0.68731647,,train
MOL_01112,success,-8.87031007,-8.67276093,0.19754914,,train
MOL_84826,success,-9.39933418,-8.1325402,1.26679398,,train
MOL_60161,success,-9.21831123,-8.27550455,0.94280667,,train
MOL_28947,success,-8.93327304,-8.57458889,0.35868414,,train
MOL_03597,success,-9.2892254,-8.20819414,1.08103126,,train
MOL_50534,success,-9.05283387,-8.43870331,0.61413057,,train
MOL_11196,success,-9.11072046,-8.38423898,0.72648148,,train
MOL_56571,success,-9.01481635,-8.56761756,0.44719879,,train
MOL_18090,success,-8.77532016,-8.73852361,0.03679655,,train
MOL_43728,success,-9.47810573,-7.98320667,1.49489906,,train
MOL_16122,success,-9.20339746,-8.28827525,0.91512221,,train
MOL_58767,success,-9.35241739,-8.13971689,1.2127005,,train
MOL_95768,success,-9.15524371,-8.33405136,0.82119236,,train
MOL_42564,success,-9.20244887,-8.35822302,0.84422586,,train
MOL_39168,success,-9.33517558,-8.07113251,1.26404306,,train
MOL_04340,success,-9.10351515,-8.40510617,0.69840898,,train
MOL_03595,success,-9.33663387,-8.08159382,1.25504004,,train
MOL_84487,success,-8.84974851,-8.61667681,0.23307169,,train
MOL_89596,success,-9.40902601,-8.05837967,1.35064634,,train
MOL_71012,success,-9.10321609,-8.39606007,0.70715602,,train
MOL_05351,success,-9.27475866,-8.21480512,1.05995354,,train
MOL_49523,success,-9.20127532,-8.22286473,0.97841059,,train
MOL_80613,success,-8.85198098,-8.63490412,0.21707686,,train
MOL_98101,success,-8.84696682,-8.64490201,0.20206481,,train
MOL_30039,success,-9.26606707,-8.24793396,1.01813311,,train
MOL_34790,success,-9.2008971,-8.33741397,0.86348313,,train
MOL_68485,success,-9.29035411,-8.21816792,1.07218619,,train
MOL_55078,success,-8.96207837,-8.55857236,0.40350602,,train
MOL_97129,success,-9.3938045,-8.05681785,1.33698665,,train
MOL_53898,success,-9.0558993,-8.46167926,0.59422003,,train
MOL_02995,success,-9.32911977,-8.17312493,1.15599484,,train
MOL_79902,success,-9.17867673,-8.31826985,0.86040688,,train
MOL_50818,success,-9.09634775,-8.42843765,0.66791011,,train
MOL_48275,success,-9.49099139,-7.92134854,1.56964284,,train
MOL_05970,success,-9.16749027,-8.27756342,0.88992685,,train
MOL_96737,success,-8.86003868,-8.60279189,0.2572468,,train
MOL_26676,success,-9.32688026,-8.15190457,1.17497569,,train
MOL_28397,success,-8.82607842,-8.72521469,0.10086374,,train
MOL_31202,success,-9.0139568,-8.51889921,0.49505759,,train
MOL_01212,success,-9.10555605,-8.30560384,0.79995222,,train
MOL_71384,success,-9.04763559,-8.4755836,0.57205199,,train
MOL_77480,success,-9.37018419,-8.10340797,1.26677622,,train
MOL_97660,success,-9.39626131,-8.09067814,1.30558316,,train
MOL_31865,success,-9.04476707,-8.42217264,0.62259443,,train
MOL_72131,success,-8.8414605,-8.69819375,0.14326675,,train
MOL_14361,success,-9.35749243,-8.12046806,1.23702436,,train
MOL_90070,success,-8.79809175,-8.72678949,0.07130226,,train
MOL_23111,success,-9.14457929,-8.31253524,0.83204404,,train
MOL_77135,success,-9.1741854,-8.36750181,0.80668358,,train
MOL_19953,success,-9.2875086,-8.26654426,1.02096434,,train
MOL_59636,success,-9.22693844,-8.24087159,0.98606685,,train
MOL_99864,success,-9.06009019,-8.52956196,0.53052823,,train
MOL_80577,success,-9.00232221,-8.4305763,0.57174591,,train
MOL_62071,success,-8.91421555,-8.57917239,0.33504316,,train
MOL_35862,success,-9.39933897,-8.03201898,1.36731998,,train
MOL_73383,success,-9.00197211,-8.51781724,0.48415487,,train
MOL_88461,success,-9.37372258,-8.04556778,1.3281548,,train
MOL_66148,success,-8.76432645,-8.71734511,0.04698134,,train
MOL_01611,success,-9.10486706,-8.39713235,0.70773471,,train
MOL_19479,success,-8.82034939,-8.66632157,0.15402782,,train
MOL_56439,success,-9.32386609,-8.15223144,1.17163466,,train
MOL_89831,success,-9.30304228,-8.11699424,1.18604804,,train
MOL_41701,success,-9.1970488,-8.28877581,0.90827299,,train
MOL_17887,success,-8.96736827,-8.6397058,0.32766247,,train
MOL_27880,success,-9.24632587,-8.19252836,1.05379751,,train
MOL_48761,success,-8.84138636,-8.72547564,0.11591072,,train
MOL_23402,success,-9.07587581,-8.44071739,0.63515842,,train
MOL_87085,success,-9.10868331,-8.45979576,0.64888755,,train
MOL_69511,success,-9.23121849,-8.21495201,1.01626648,,train
MOL_39299,success,-8.95497364,-8.56712288,0.38785077,,train
MOL_58564,success,-9.16925458,-8.35899973,0.81025485,,train
MOL_88520,success,-9.21576564,-8.25529144,0.9604742,,train
MOL_19156,success,-9.43583758,-7.99923846,1.43659911,,train
MOL_83606,success,-9.06531984,-8.47634389,0.58897594,,train
MOL_96198,success,-9.34151275,-8.07268757,1.26882518,,train
MOL_48009,success,-9.26636306,-8.17274562,1.09361744,,train
MOL_11785,success,-9.44843206,-7.97429554,1.47413652,,train
MOL_71676,success,-9.37902371,-8.11899305,1.26003065,,train
MOL_35520,success,-9.09158993,-8.40926356,0.68232638,,train
MOL_91914,success,-9.21512575,-8.24862011,0.96650565,,train
MOL_17182,success,-9.31852576,-8.15578959,1.16273617,,train
MOL_22937,success,-9.11988466,-8.35948449,0.76040016,,train
MOL_60732,success,-8.98298169,-8.53554825,0.44743343,,train
MOL_63042,success,-9.03468213,-8.49571675,0.53896538,,train
MOL_25298,success,-8.94952058,-8.55256299,0.39695759,,train
MOL_28982,success,-9.442867,-8.04928188,1.39358512,,train
MOL_39479,success,-9.1806385,-8.30272236,0.87791614,,train
MOL_67385,success,-9.23117769,-8.2700076,0.96117009,,train
MOL_64752,success,-9.18248049,-8.35008563,0.83239487,,train
MOL_93698,success,-9.18897378,-8.2737617,0.91521208,,train
MOL_31658,success,-9.10888155,-8.39277926,0.71610229,,train
MOL_00002,success,-9.18922052,-8.32972319,0.85949734,,train
MOL_38294,success,-9.08030387,-8.3632692,0.71703467,,train
MOL_80702,success,-9.41975853,-7.95873932,1.46101921,,train
MOL_37809,success,-9.22943973,-8.26281393,0.9666258,,train
MOL_53095,success,-9.43648759,-8.040084,1.39640359,,train
MOL_52196,success,-9.08376691,-8.36139837,0.72236854,,train
MOL_41684,success,-9.08433214,-8.41304908,0.67128306,,train
MOL_12844,success,-9.30236741,-8.25600968,1.04635773,,train
MOL_22329,success,-9.35553984,-8.10495989,1.25057995,,train
MOL_84572,success,-9.47326699,-8.03531887,1.43794813,,train
MOL_84303,success,-8.93319679,-8.60652332,0.32667347,,train
MOL_83718,success,-9.22957511,-8.31005664,0.91951847,,train
MOL_75074,success,-8.86979987,-8.63497836,0.23482151,,train
MOL_07166,success,-8.93215554,-8.57124024,0.3609153,,train
MOL_98810,success,-9.19099006,-8.27433175,0.91665831,,train
MOL_43219,success,-8.94596683,-8.617758,0.32820883,,train
MOL_89884,success,-9.39520741,-8.01678262,1.37842479,,train
MOL_01870,success,-8.98910661,-8.53857036,0.45053625,,train
MOL_04078,success,-8.87581709,-8.64223234,0.23358475,,train
MOL_85294,success,-9.13281143,-8.39439421,0.73841722,,train
MOL_98211,success,-9.24325769,-8.21031219,1.0329455,,train
MOL_01621,success,-9.14964924,-8.26274099,0.88690824,,train
MOL_10737,success,-9.49722778,-7.94731679,1.54991098,,train
MOL_78986,success,-9.28503828,-8.14283469,1.14220359,,train
MOL_71499,success,-9.18254536,-8.30216884,0.88037652,,train
MOL_83001,success,-9.31314319,-8.15079925,1.16234394,,train
MOL_73843,success,-9.2322295,-8.25393656,0.97829294,,train
MOL_64282,success,-9.31300028,-8.16838728,1.144613,,train
MOL_06863,success,-8.97133863,-8.56088743,0.4104512,,train
MOL_62259,success,-9.21212728,-8.25549853,0.95662875,,train
MOL_73846,success,-8.96230948,-8.5420494,0.42026008,,train
MOL_23934,success,-8.93519399,-8.6294829,0.30571109,,train
MOL_33173,success,-9.37029066,-8.11479348,1.25549718,,train
MOL_79488,success,-8.83533892,-8.64910315,0.18623576,,train
MOL_82312,success,-9.29968309,-8.23644218,1.06324091,,train
MOL_61978,success,-9.00636175,-8.50348265,0.50287911,,train
MOL_29691,success,-8.88501493,-8.71087451,0.17414042,,train
MOL_12398,success,-8.82076309,-8.67512652,0.14563657,,train
MOL_71742,success,-9.18168288,-8.27303752,0.90864536,,train
MOL_25156,success,-9.33540922,-8.09835008,1.23705914,,train
MOL_69664,success,-9.07673167,-8.50644196,0.57028971,,train
MOL_97431,success,-8.97169049,-8.486109,0.48558149,,train
MOL_85771,success,-9.22410121,-8.2614786,0.96262261,,train
MOL_10865,success,-9.29922511,-8.22442625,1.07479885,,train
MOL_77495,success,-9.12249719,-8.36784888,0.75464831,,train
MOL_63928,success,-9.04084919,-8.50435268,0.53649651,,train
MOL_17328,success,-9.39896995,-8.0949868,1.30398315,,train
MOL_44480,success,-9.0281572,-8.49250367,0.53565353,,train
MOL_11765,success,-8.97994586,-8.48925089,0.49069497,,train
MOL_70869,success,-9.26457611,-8.26349386,1.00108225,,train
MOL_77026,success,-9.38877571,-8.0507834,1.33799232,,train
MOL_61837,success,-8.91078269,-8.57201363,0.33876906,,train
MOL_12470,success,-9.53188072,-7.89353212,1.6383486,,train
MOL_62855,success,-9.21377348,-8.2633156,0.95045789,,train
MOL_99778,success,-9.01703712,-8.38659736,0.63043976,,train
MOL_42314,success,-9.12497535,-8.38466577,0.74030958,,train
MOL_27419,success,-9.10254682,-8.33918628,0.76336054,,train
MOL_11438,success,-8.77482188,-8.68230598,0.0925159,,train
MOL_87669,success,-9.34920686,-8.11732186,1.23188501,,train
MOL_61243,success,-9.17559439,-8.33288638,0.84270802,,train
MOL_48099,success,-9.11104605,-8.39320282,0.71784323,,train
MOL_33462,success,-9.36783566,-8.06835226,1.29948341,,train
MOL_08274,success,-9.03087334,-8.457937,0.57293635,,train
MOL_25701,success,-8.80915,-8.6952089,0.11394111,,train
MOL_70146,success,-9.57287716,-7.86421564,1.70866152,,train
MOL_85473,success,-9.08014544,-8.53444812,0.54569732,,train
MOL_46886,success,-9.22529296,-8.24099429,0.98429866,,train
MOL_37141,success,-9.35798716,-8.12659428,1.23139288,,train
MOL_44540,success,-9.27855385,-8.24086394,1.03768991,,train
MOL_61499,success,-8.87587261,-8.66021485,0.21565776,,train
MOL_50796,success,-9.30335426,-8.16675305,1.13660121,,train
MOL_83719,success,-9.17395706,-8.30177201,0.87218505,,train
MOL_48412,success,-9.34854928,-8.06001928,1.28853,,train
MOL_55489,success,-9.51117748,-7.95531947,1.55585801,,train
MOL_86473,success,-9.12576056,-8.37375299,0.75200757,,train
MOL_28665,success,-8.88205152,-8.62343465,0.25861688,,train
MOL_15344,success,-9.05280579,-8.49739645,0.55540934,,train
MOL_56976,success,-8.92035842,-8.58388921,0.33646921,,train
MOL_14961,success,-9.25693844,-8.28263938,0.97429906,,train
MOL_34977,success,-9.14565132,-8.36268333,0.78296799,,train
MOL_02797,success,-9.26288332,-8.17757631,1.08530701,,train
MOL_58662,success,-9.05370617,-8.49003143,0.56367474,,train
MOL_56504,success,-9.31518998,-8.14589801,1.16929198,,train
MOL_42277,success,-8.9396118,-8.59461537,0.34499643,,train
MOL_52729,success,-9.10499072,-8.38481633,0.72017439,,train
MOL_81116,success,-8.80288248,-8.77051261,0.03236987,,train
MOL_51578,success,-8.9821793,-8.57385057,0.40832873,,train
MOL_57741,success,-9.05756642,-8.51782619,0.53974023,,train
MOL_51036,success,-9.13413183,-8.34584701,0.78828482,,train
MOL_30424,success,-9.18007358,-8.31687989,0.8631937,,train
MOL_98826,success,-8.91910563,-8.63708771,0.28201792,,train
MOL_67011,success,-9.13401385,-8.36539039,0.76862345,,train
MOL_77340,success,-8.89818903,-8.61224891,0.28594012,,train
MOL_12236,success,-9.43262298,-7.97956026,1.45306273,,train
MOL_47988,success,-9.35144581,-8.09731953,1.25412628,,train
MOL_84033,success,-9.17168707,-8.30627172,0.86541535,,train
MOL_15144,success,-9.25491097,-8.22803209,1.02687888,,train
MOL_28905,success,-9.1874113,-8.27985084,0.90756046,,train
MOL_53046,success,-9.0831154,-8.51871036,0.56440504,,train
MOL_60885,success,-9.03701644,-8.4500951,0.58692134,,train
MOL_69141,success,-9.04085566,-8.48697652,0.55387914,,train
MOL_90492,success,-8.8179352,-8.68119035,0.13674485,,train
MOL_16128,success,-9.11754086,-8.34983891,0.76770195,,train
MOL_87583,success,-8.82026437,-8.74096486,0.07929951,,train
MOL_74485,success,-9.2316962,-8.28144249,0.95025371,,train
MOL_82858,success,-8.98458971,-8.49486006,0.48972965,,train
MOL_82016,success,-9.03854512,-8.46432692,0.5742182,,train
MOL_96324,success,-8.97897183,-8.58836735,0.39060448,,train
MOL_38090,success,-9.41166727,-8.04108544,1.37058183,,train
MOL_14440,success,-9.16576148,-8.33842611,0.82733538,,train
MOL_90882,success,-9.14203539,-8.36257517,0.77946023,,train
MOL_63032,success,-9.38350894,-8.09719645,1.28631248,,train
MOL_10173,success,-9.04062881,-8.4702625,0.57036632,,train
MOL_47706,success,-8.88689494,-8.66161443,0.22528051,,train
MOL_95993,success,-9.1228284,-8.34336874,0.77945965,,train
MOL_67834,success,-8.95983481,-8.55104399,0.40879083,,train
MOL_07336,success,-9.41555582,-8.05428802,1.36126779,,train
MOL_91870,success,-9.3649214,-8.09065052,1.27427089,,train
MOL_45911,success,-9.60609922,-7.77128314,1.83481608,,train
MOL_44114,success,-8.92661633,-8.55992436,0.36669197,,train
MOL_71196,success,-9.30836137,-8.20063324,1.10772812,,train
MOL_55256,success,-9.4052202,-8.05528186,1.34993834,,train
MOL_61029,success,-9.02642001,-8.45549073,0.57092928,,train
MOL_21679,success,-9.19531637,-8.31492831,0.88038806,,train
MOL_50559,success,-9.29208268,-8.17831783,1.11376485,,train
MOL_29094,success,-8.8728545,-8.62959017,0.24326433,,train
MOL_70564,success,-9.13161179,-8.34781046,0.78380133,,train
MOL_43336,success,-9.13995033,-8.33668029,0.80327004,,train
MOL_67423,success,-9.0644658,-8.48459022,0.57987558,,train
MOL_30144,success,-9.18517815,-8.2873338,0.89784436,,train
MOL_28933,success,-8.96605746,-8.51699917,0.44905829,,train
MOL_91252,success,-8.88134768,-8.68842114,0.19292653,,train
MOL_29446,success,-8.83389613,-8.66789967,0.16599646,,train
MOL_14298,success,-9.25586424,-8.22832221,1.02754203,,train
MOL_11425,success,-9.25474864,-8.24284963,1.01189901,,train
MOL_87429,success,-8.92135678,-8.62036791,0.30098888,,train
MOL_27116,success,-9.12437757,-8.37827442,0.74610315,,train
MOL_07454,success,-9.39270156,-8.04917255,1.34352901,,train
MOL_70048,success,-9.22302593,-8.27884219,0.94418374,,train
MOL_19892,success,-9.45505651,-8.0176409,1.43741561,,train
MOL_22665,success,-9.18925846,-8.29119253,0.89806593,,train
MOL_05941,success,-9.11425566,-8.399666,0.71458965,,train
MOL_19531,success,-9.2906923,-8.15875173,1.13194057,,train
MOL_06848,success,-9.39133854,-8.09473717,1.29660138,,train
MOL_21480,success,-9.30616287,-8.1769531,1.12920977,,train
MOL_20358,success,-8.87085951,-8.58843107,0.28242844,,train
MOL_97175,success,-9.1610935,-8.35807197,0.80302153,,train
MOL_34989,success,-8.8051169,-8.69096267,0.11415423,,train
MOL_44639,success,-9.19742573,-8.32082623,0.8765995,,train
MOL_58284,success,-8.76961714,-8.74755756,0.02205958,,train
MOL_66766,success,-9.17447622,-8.30442958,0.87004664,,train
MOL_43326,success,-9.19807846,-8.32663584,0.87144262,,train
MOL_23449,success,-9.13447835,-8.37176814,0.76271022,,train
MOL_81786,success,-9.37376113,-8.06492408,1.30883705,,train
MOL_82144,success,-9.10353662,-8.45309366,0.65044297,,train
MOL_47837,success,-9.17548595,-8.29254529,0.88294066,,train
MOL_14733,success,-9.1798034,-8.30227692,0.87752648,,train
MOL_64387,success,-8.91284551,-8.61069339,0.30215212,,train
MOL_09338,success,-9.19891039,-8.28242588,0.91648451,,train
MOL_36467,success,-8.91809801,-8.64072272,0.27737528,,train
MOL_75040,success,-9.16974975,-8.33861003,0.83113972,,train
MOL_72051,success,-9.49331265,-7.96988273,1.52342992,,train
MOL_33857,success,-9.20601401,-8.30468667,0.90132733,,train
MOL_81958,success,-9.18108894,-8.36125092,0.81983802,,train
MOL_82066,success,-9.09681676,-8.47606249,0.62075427,,train
MOL_71530,success,-9.14117756,-8.43817352,0.70300405,,train
MOL_94954,success,-9.05721423,-8.47826558,0.57894865,,train
MOL_29035,success,-9.39016988,-8.08651972,1.30365016,,train
MOL_42556,success,-9.06187964,-8.43828093,0.62359871,,train
MOL_16138,success,-9.43843822,-8.0374335,1.40100472,,train
MOL_26048,success,-9.29153677,-8.14591299,1.14562378,,train
MOL_07413,success,-9.03707387,-8.49432574,0.54274812,,train
MOL_73557,success,-9.30113079,-8.13720075,1.16393004,,train
MOL_63749,success,-9.21585441,-8.26702626,0.94882815,,train
MOL_83353,success,-8.90691113,-8.5869908,0.31992033,,train
MOL_13087,success,-9.18519155,-8.33795474,0.84723681,,train
MOL_74704,success,-9.17481115,-8.33306053,0.84175062,,train
MOL_02836,success,-9.48165741,-7.99279438,1.48886303,,train
MOL_65080,success,-9.52315795,-7.85243684,1.6707211,,train
MOL_81031,success,-9.16682928,-8.28093892,0.88589036,,train
MOL_23232,success,-9.36152106,-8.16197783,1.19954323,,train
MOL_14694,success,-9.06485168,-8.4292168,0.63563487,,train
MOL_91484,success,-9.00562825,-8.494133,0.51149525,,train
MOL_39250,success,-9.13048818,-8.28490973,0.84557845,,train
MOL_11209,success,-8.98955234,-8.48225486,0.50729748,,train
MOL_92762,success,-8.81952042,-8.61806479,0.20145563,,train
MOL_28956,success,-8.84997031,-8.57477268,0.27519764,,train
MOL_48710,success,-9.29715577,-8.15510705,1.14204872,,train
MOL_70573,success,-9.05028395,-8.40654367,0.64374028,,train
MOL_28276,success,-8.9008788,-8.60598787,0.29489093,,train
MOL_15318,success,-9.29341595,-8.19966713,1.09374883,,train
MOL_61656,success,-9.01826734,-8.41071589,0.60755145,,train
MOL_56109,success,-9.09282993,-8.36293234,0.72989759,,train
MOL_86862,success,-9.42077088,-7.95052872,1.47024216,,train
MOL_44293,success,-9.10603741,-8.38042632,0.72561109,,train
MOL_11325,success,-9.1104347,-8.30152416,0.80891054,,train
MOL_68806,success,-9.0582752,-8.44077075,0.61750445,,train
MOL_01743,success,-8.97403797,-8.56357545,0.41046252,,train
MOL_52060,success,-9.424666,-8.0320544,1.3926116,,train
MOL_78449,success,-9.11762409,-8.38019391,0.73743018,,train
MOL_76199,success,-9.25553465,-8.20832306,1.0472116,,train
MOL_73864,success,-9.1139674,-8.40459768,0.70936971,,train
MOL_38717,success,-9.28884605,-8.21623825,1.0726078,,train
MOL_64999,success,-9.18881867,-8.24022812,0.94859056,,train
MOL_02167,success,-8.94760455,-8.56838077,0.37922378,,train
MOL_26064,success,-9.08031548,-8.42916001,0.65115546,,train
MOL_56182,success,-9.1118808,-8.41077788,0.70110293,,train
MOL_80040,success,-9.37565694,-8.07932472,1.29633222,,train
MOL_85628,success,-9.30121642,-8.18870589,1.11251053,,train
MOL_59138,success,-9.27858507,-8.14182081,1.13676427,,train
MOL_33907,success,-9.35320533,-8.1036111,1.24959422,,train
MOL_05672,success,-9.16260198,-8.35800363,0.80459835,,train
MOL_92402,success,-9.11335059,-8.41821068,0.69513991,,train
MOL_34399,success,-9.18530581,-8.25731138,0.92799443,,train
MOL_45457,success,-9.03098511,-8.46469179,0.56629332,,train
MOL_71644,success,-9.12545724,-8.38536091,0.74009633,,train
MOL_05572,success,-8.80708254,-8.6836654,0.12341714,,train
MOL_06303,success,-9.22213939,-8.293331,0.92880839,,train
MOL_11953,success,-9.18899993,-8.40281999,0.78617994,,train
MOL_92999,success,-9.24970325,-8.26466041,0.98504285,,train
MOL_61485,success,-9.10001473,-8.43400193,0.6660128,,train
MOL_32883,success,-9.10987472,-8.38072502,0.72914971,,train
MOL_71073,success,-9.17038467,-8.35234309,0.81804158,,train
MOL_19236,success,-9.34208835,-8.07490689,1.26718147,,train
MOL_15735,success,-8.95417686,-8.54210144,0.41207542,,train
MOL_49286,success,-9.11399806,-8.39574399,0.71825407,,train
MOL_50477,success,-9.18100672,-8.32458069,0.85642604,,train
MOL_37364,success,-9.41368178,-8.0763093,1.33737247,,train
MOL_23988,success,-9.43130377,-8.05583593,1.37546784,,train
MOL_68428,success,-9.34605254,-8.12878179,1.21727076,,train
MOL_67690,success,-9.24679711,-8.10942006,1.13737705,,train
MOL_96663,success,-9.04229977,-8.50872507,0.5335747,,train
MOL_79621,success,-8.91610837,-8.64742778,0.26868058,,train
MOL_17500,success,-9.17456205,-8.31208657,0.86247548,,train
MOL_51742,success,-9.19988311,-8.21928908,0.98059402,,train
MOL_26920,success,-9.1895584,-8.29265104,0.89690736,,train
MOL_06781,success,-8.99063437,-8.51645002,0.47418435,,train
MOL_89101,success,-9.35358607,-8.12895007,1.224636,,train
MOL_10009,success,-9.07904935,-8.41450355,0.6645458,,train
MOL_65571,success,-8.74944024,-8.73902518,0.01041506,,train
MOL_23499,success,-9.27501759,-8.17887615,1.09614144,,train
MOL_32034,success,-9.34975713,-8.19189319,1.15786394,,train
MOL_55830,success,-9.284176,-8.25153374,1.03264226,,train
MOL_46786,success,-9.01506411,-8.5354646,0.47959952,,train
MOL_35702,success,-9.10863987,-8.38751078,0.7211291,,train
MOL_01425,success,-8.89694454,-8.64213863,0.25480591,,train
MOL_17248,success,-9.11649299,-8.41600564,0.70048735,,train
MOL_51580,success,-9.1003978,-8.39625195,0.70414585,,train
MOL_88419,success,-9.11947016,-8.43789031,0.68157985,,train
MOL_26047,success,-9.15624661,-8.31462113,0.84162548,,train
MOL_03705,success,-9.52824194,-7.91015972,1.61808222,,train
MOL_86821,success,-9.17975728,-8.35379233,0.82596495,,train
MOL_99420,success,-9.15551733,-8.27916041,0.87635692,,train
MOL_88074,success,-9.31491632,-8.19837874,1.11653758,,train
MOL_30623,success,-9.24267425,-8.27113363,0.97154062,,train
MOL_72321,success,-9.41228094,-8.05205878,1.36022215,,train
MOL_61771,success,-9.30323297,-8.13846223,1.16477074,,train
MOL_74364,success,-9.2549722,-8.20718371,1.04778849,,train
MOL_86598,success,-9.07091843,-8.4132019,0.65771653,,train
MOL_97329,success,-8.90751294,-8.55962225,0.34789069,,train
MOL_73662,success,-9.34657951,-8.17814874,1.16843077,,train
MOL_17341,success,-9.24637446,-8.25732123,0.98905323,,train
MOL_59157,success,-9.21537072,-8.28378326,0.93158747,,train
MOL_52429,success,-9.37257748,-7.95057094,1.42200653,,train
MOL_80009,success,-8.94050711,-8.5649729,0.37553421,,train
MOL_91225,success,-9.0604614,-8.41717296,0.64328844,,train
MOL_85973,success,-9.02723478,-8.42468808,0.6025467,,train
MOL_96128,success,-9.14029005,-8.35551711,0.78477294,,train
MOL_89346,success,-8.85726438,-8.62593463,0.23132975,,train
MOL_46106,success,-9.24860349,-8.27255022,0.97605326,,train
MOL_28510,success,-9.13182045,-8.40164366,0.73017679,,train
MOL_47212,success,-9.28117752,-8.19052187,1.09065564,,train
MOL_07957,success,-8.89767741,-8.63357992,0.26409749,,train
MOL_62315,success,-9.09510746,-8.36128238,0.73382508,,train
MOL_66471,success,-8.9397831,-8.53473049,0.40505261,,train
MOL_69941,success,-9.35459813,-8.0612059,1.29339223,,train
MOL_68088,success,-9.66180748,-7.69347926,1.96832822,,train
MOL_40588,success,-9.30454344,-8.1597464,1.14479704,,train
MOL_75613,success,-9.34955706,-8.13717025,1.21238682,,train
MOL_37775,success,-9.49952818,-7.89386272,1.60566546,,train
MOL_11478,success,-9.14996603,-8.29823858,0.85172745,,train
MOL_18750,success,-9.08386793,-8.40871462,0.67515331,,train
MOL_23025,success,-9.20458353,-8.24015704,0.96442649,,train
MOL_42388,success,-9.04302024,-8.44423937,0.59878087,,train
MOL_24236,success,-9.362382,-8.12528,1.237102,,train
MOL_16395,success,-8.99257726,-8.5513896,0.44118766,,train
MOL_31519,success,-9.3326872,-8.15207205,1.18061515,,train
MOL_88688,success,-9.19843105,-8.29096674,0.90746431,,train
MOL_47616,success,-9.35545078,-8.16625239,1.18919839,,train
MOL_75214,success,-9.43042095,-8.05078036,1.37964059,,train
MOL_71185,success,-9.42006918,-8.05019965,1.36986953,,train
MOL_10612,success,-9.01122508,-8.47490997,0.53631511,,train
MOL_57584,success,-8.9464358,-8.49865537,0.44778043,,train
MOL_39056,success,-9.24778584,-8.26167881,0.98610703,,train
MOL_48274,success,-9.20016771,-8.13985242,1.06031529,,train
MOL_39201,success,-9.22093876,-8.31675053,0.90418823,,train
MOL_49464,success,-9.25751179,-8.2470852,1.01042659,,train
MOL_52712,success,-9.17850081,-8.3076463,0.87085451,,train
MOL_36763,success,-9.38357851,-8.03244444,1.35113407,,train
MOL_46352,success,-9.46392379,-7.99729969,1.4666241,,train
MOL_40926,success,-9.05119467,-8.53512496,0.51606971,,train
MOL_12750,success,-8.93139443,-8.57854264,0.35285178,,train
MOL_63955,success,-9.22490669,-8.27397581,0.95093089,,train
MOL_59826,success,-8.87856773,-8.65314414,0.22542359,,train
MOL_46545,success,-9.27157688,-8.17029842,1.10127845,,train
MOL_18759,success,-9.31169308,-8.07734827,1.23434482,,train
MOL_03295,success,-9.15797483,-8.34594677,0.81202806,,train
MOL_94836,success,-9.11137982,-8.418938,0.69244182,,train
MOL_34676,success,-8.80347972,-8.72716858,0.07631114,,train
MOL_33789,success,-9.22970827,-8.26776727,0.961941,,train
MOL_83128,success,-9.58616761,-7.76830129,1.81786632,,train
MOL_88028,success,-9.05903561,-8.50796459,0.55107102,,train
MOL_63099,success,-9.19479406,-8.31885787,0.87593619,,train
MOL_10452,success,-8.94373294,-8.65523848,0.28849446,,train
MOL_91259,success,-9.31284782,-8.12432955,1.18851828,,train
MOL_19140,success,-9.00541019,-8.42718239,0.57822781,,train
MOL_67182,success,-9.34349348,-8.12650456,1.21698892,,train
MOL_44379,success,-8.93584439,-8.54127199,0.3945724,,train
MOL_63299,success,-8.96883225,-8.50274602,0.46608623,,train
MOL_97888,success,-9.09126056,-8.45044858,0.64081198,,train
MOL_55777,success,-9.14408226,-8.40702433,0.73705793,,train
MOL_67258,success,-8.8092788,-8.65883945,0.15043935,,train
MOL_56426,success,-8.99222081,-8.50217618,0.49004462,,train
MOL_55927,success,-8.85024387,-8.65624382,0.19400005,,train
MOL_71531,success,-9.19488672,-8.29360974,0.90127697,,train
MOL_28472,success,-9.2335724,-8.26043126,0.97314114,,train
MOL_49937,success,-8.93754649,-8.56847866,0.36906783,,train
MOL_90656,success,-9.24192756,-8.22687754,1.01505002,,train
MOL_43822,success,-9.09196823,-8.38399125,0.70797698,,train
MOL_60733,success,-9.32804664,-8.10775263,1.22029401,,train
MOL_14071,success,-9.48062243,-7.97499423,1.5056282,,train
MOL_56202,success,-9.32261093,-8.06493076,1.25768017,,train
MOL_65832,success,-9.45041378,-8.02423228,1.4261815,,train
MOL_09321,success,-8.85158462,-8.66558206,0.18600256,,train
MOL_40134,success,-9.08460649,-8.34502276,0.73958374,,train
MOL_58184,success,-9.01925626,-8.4810313,0.53822496,,train
MOL_62998,success,-9.33861408,-8.17805675,1.16055733,,train
MOL_95065,success,-8.75015252,-8.7476895,0.00246302,,train
MOL_32541,success,-9.25102777,-8.28160157,0.96942621,,train
MOL_27450,success,-9.31430352,-8.22960584,1.08469767,,train
MOL_54918,success,-9.11500637,-8.29453889,0.82046748,,train
MOL_24057,success,-9.28918704,-8.18953534,1.0996517,,train
MOL_57229,success,-8.94430962,-8.6009412,0.34336842,,train
MOL_03953,success,-9.19924083,-8.31503159,0.88420925,,train
MOL_26386,success,-8.9246051,-8.58987802,0.33472708,,train
MOL_77306,success,-9.10908392,-8.39497082,0.7141131,,train
MOL_97125,success,-8.92776891,-8.57026518,0.35750373,,train
MOL_25828,success,-9.01374438,-8.40971588,0.6040285,,train
MOL_51615,success,-9.17399757,-8.28179531,0.89220226,,train
MOL_45884,success,-8.84244871,-8.58159408,0.26085463,,train
MOL_33714,success,-9.29370556,-8.15777696,1.1359286,,train
MOL_29415,success,-8.99532645,-8.46342688,0.53189957,,train
MOL_26172,success,-9.28462325,-8.23004448,1.05457877,,train
MOL_28957,success,-8.79969513,-8.70409679,0.09559834,,train
MOL_70145,success,-9.41187975,-8.0091623,1.40271745,,train
MOL_19675,success,-9.05486553,-8.42160934,0.63325618,,train
MOL_23132,success,-9.18192243,-8.31705368,0.86486875,,train
MOL_98519,success,-9.43027949,-8.1050878,1.3251917,,train
MOL_98155,success,-9.08988224,-8.42409478,0.66578745,,train
MOL_20006,success,-8.98210338,-8.58656056,0.39554282,,train
MOL_49315,success,-9.31880894,-8.09902138,1.21978756,,train
MOL_76322,success,-8.84685525,-8.69104001,0.15581524,,train
MOL_52397,success,-9.05330253,-8.39507686,0.65822567,,train
MOL_44492,success,-9.16917951,-8.32165406,0.84752545,,train
MOL_46129,success,-9.14365442,-8.34185722,0.80179721,,train
MOL_62175,success,-8.79296158,-8.68682912,0.10613246,,train
MOL_85644,success,-9.21253284,-8.281432,0.93110085,,train
MOL_31775,success,-9.38153918,-8.11537412,1.26616506,,train
MOL_80066,success,-9.05567152,-8.43192804,0.62374348,,train
MOL_41208,success,-9.10442336,-8.40435808,0.70006528,,train
MOL_14799,success,-9.02822404,-8.41860743,0.60961661,,train
MOL_42781,success,-9.31729193,-8.16146121,1.15583072,,train
MOL_86905,success,-9.24327499,-8.22881732,1.01445767,,train
MOL_86839,success,-9.36295674,-8.05805547,1.30490127,,train
MOL_72541,success,-9.21347553,-8.29739492,0.91608061,,train
MOL_64396,success,-9.1227851,-8.45013141,0.67265369,,train
MOL_19354,success,-9.21324834,-8.25186825,0.96138009,,train
MOL_65607,success,-9.13428177,-8.3766528,0.75762897,,train
MOL_82767,success,-8.86493026,-8.66269313,0.20223713,,train
MOL_98257,success,-9.47134572,-7.98991246,1.48143325,,train
MOL_51213,success,-9.06938048,-8.49710686,0.57227363,,train
MOL_02555,success,-9.02405188,-8.49931428,0.52473761,,train
MOL_25152,success,-8.87834294,-8.63937869,0.23896425,,train
MOL_65874,success,-9.28134722,-8.24554296,1.03580426,,train
MOL_28277,success,-8.91655771,-8.58495343,0.33160428,,train
MOL_68323,success,-9.25290826,-8.21868395,1.03422431,,train
MOL_05563,success,-9.38654712,-8.1010603,1.28548682,,train
MOL_59939,success,-8.82199011,-8.73385175,0.08813835,,train
MOL_86057,success,-9.27493111,-8.15940178,1.11552933,,train
MOL_84505,success,-9.34403582,-8.13503168,1.20900414,,train
MOL_09685,success,-8.90601076,-8.65157202,0.25443874,,train
MOL_34800,success,-9.40119102,-7.9907985,1.41039252,,train
MOL_38314,success,-9.20206838,-8.26062371,0.94144467,,train
MOL_52722,success,-8.95080403,-8.47614372,0.47466031,,train
MOL_22581,success,-9.41560119,-7.971453,1.44414819,,train
MOL_83103,success,-9.21519052,-8.23940657,0.97578395,,train
MOL_65118,success,-9.18453721,-8.3126897,0.87184752,,train
MOL_89854,success,-9.19277319,-8.29091961,0.90185357,,train
MOL_05867,success,-9.23817006,-8.21993621,1.01823385,,train
MOL_75936,success,-9.34098093,-8.09731826,1.24366266,,train
MOL_17675,success,-9.30575071,-8.15796258,1.14778814,,train
MOL_47757,success,-9.09435384,-8.42084275,0.67351109,,train
MOL_42546,success,-9.23184397,-8.23397203,0.99787194,,train
MOL_92044,success,-8.89713468,-8.58569354,0.31144114,,train
MOL_76667,success,-9.28266821,-8.22070889,1.06195932,,train
MOL_79368,success,-9.12291984,-8.43800543,0.68491441,,train
MOL_88344,success,-9.327111,-8.05666061,1.27045039,,train
MOL_60647,success,-8.83138751,-8.58238715,0.24900037,,train
MOL_97264,success,-9.05082124,-8.48345827,0.56736296,,train
MOL_95340,success,-9.32990826,-8.14390197,1.18600629,,train
MOL_17140,success,-9.22626605,-8.28439817,0.94186788,,train
MOL_78834,success,-9.46502688,-7.98568954,1.47933734,,train
MOL_89027,success,-9.07602641,-8.43418803,0.64183838,,train
MOL_50822,success,-9.073983,-8.41176652,0.66221648,,train
MOL_93482,success,-9.25655382,-8.19527307,1.06128075,,train
MOL_96245,success,-9.14115035,-8.35123662,0.78991373,,train
MOL_42376,success,-9.16268327,-8.40851981,0.75416346,,train
MOL_03073,success,-9.10477355,-8.38882735,0.71594619,,train
MOL_96312,success,-9.06346079,-8.46402507,0.59943572,,train
MOL_01156,success,-9.2776709,-8.28686857,0.99080232,,train
MOL_53423,success,-9.09243581,-8.37445523,0.71798058,,train
MOL_64985,success,-9.04265227,-8.50001024,0.54264203,,train
MOL_58199,success,-8.78771424,-8.75303341,0.03468083,,train
MOL_87510,success,-9.00189034,-8.51822578,0.48366456,,train
MOL_88312,success,-9.5127529,-7.93764703,1.57510587,,train
MOL_73989,success,-8.97621412,-8.48181079,0.49440333,,train
MOL_27576,success,-9.16866776,-8.36181068,0.80685709,,train
MOL_44056,success,-9.61094321,-7.83818061,1.7727626,,train
MOL_61393,success,-9.01614108,-8.52448092,0.49166016,,train
MOL_00346,success,-9.33224516,-8.153504,1.17874116,,train
MOL_87792,success,-8.99313591,-8.57450597,0.41862994,,train
MOL_03051,success,-9.22497829,-8.21665855,1.00831975,,train
MOL_81561,success,-9.13267658,-8.38695783,0.74571875,,train
MOL_34570,success,-9.23887712,-8.27036173,0.96851539,,train
MOL_35620,success,-9.37094526,-8.15597884,1.21496642,,train
MOL_72307,success,-8.91547834,-8.59854988,0.31692846,,train
MOL_43397,success,-9.08116819,-8.40359499,0.6775732,,train
MOL_95229,success,-8.86169483,-8.68081698,0.18087786,,train
MOL_75426,success,-9.07304465,-8.47120436,0.60184029,,train
MOL_65642,success,-8.90293867,-8.61009987,0.2928388,,train
MOL_23958,success,-8.914709,-8.54715908,0.36754992,,train
MOL_87643,success,-8.78323186,-8.70581937,0.07741249,,train
MOL_21978,success,-9.0008408,-8.53879543,0.46204537,,train
MOL_01613,success,-9.30066231,-8.212587,1.08807531,,train
MOL_81318,success,-8.86411212,-8.62838068,0.23573143,,train
MOL_03533,success,-9.28269095,-8.19262124,1.09006972,,train
MOL_13273,success,-8.99286824,-8.43840433,0.55446391,,train
MOL_58153,success,-8.92971875,-8.56334121,0.36637754,,train
MOL_40001,success,-9.08902453,-8.39267744,0.69634709,,train
MOL_69595,success,-9.195438,-8.25877392,0.93666408,,train
MOL_62895,success,-9.15807545,-8.34020814,0.81786731,,train
MOL_48023,success,-9.07661597,-8.43912741,0.63748855,,train
MOL_99368,success,-8.83806221,-8.66065701,0.1774052,,train
MOL_59434,success,-8.81739864,-8.74291148,0.07448715,,train
MOL_39706,success,-8.98443404,-8.55601181,0.42842223,,train
MOL_92451,success,-9.03467252,-8.49514212,0.5395304,,train
MOL_22415,success,-9.13125701,-8.35191051,0.77934651,,train
MOL_82070,success,-8.81394509,-8.7423254,0.07161968,,train
MOL_45446,success,-9.0875352,-8.45491958,0.63261562,,test
MOL_08624,success,-9.19974338,-8.31521073,0.88453265,,test
MOL_61977,success,-9.41546406,-8.05846435,1.35699971,,test
MOL_21875,success,-9.35695527,-8.07621212,1.28074315,,test
MOL_50090,success,-9.16269634,-8.34703287,0.81566348,,test
MOL_24673,success,-9.36666274,-8.12613101,1.24053172,,test
MOL_35046,success,-9.05580921,-8.43497117,0.62083803,,test
MOL_81026,success,-9.44508794,-7.98830755,1.45678039,,test
MOL_89067,success,-9.06894869,-8.47730118,0.59164751,,test
MOL_86492,success,-8.97932787,-8.54092643,0.43840145,,test
MOL_70071,success,-8.84878853,-8.65279502,0.19599351,,test
MOL_76597,success,-9.16441199,-8.3682464,0.79616559,,test
MOL_46103,success,-8.86094808,-8.69747425,0.16347383,,test
MOL_80986,success,-9.02640392,-8.53951452,0.4868894,,test
MOL_21460,success,-8.93559625,-8.55901943,0.37657682,,test
MOL_71336,success,-9.20282668,-8.34974621,0.85308048,,test
MOL_25954,success,-9.29886468,-8.19247239,1.10639229,,test
MOL_20591,success,-9.21021068,-8.24188315,0.96832753,,test
MOL_29494,success,-9.06305526,-8.45166134,0.61139392,,test
MOL_14008,success,-9.32616882,-8.23896194,1.08720688,,test
MOL_19696,success,-9.31898656,-8.15186729,1.16711927,,test
MOL_10822,success,-8.80808178,-8.69397355,0.11410823,,test
MOL_65510,success,-9.07360297,-8.39021322,0.68338976,,test
MOL_22031,success,-9.42679306,-8.07545336,1.35133971,,test
MOL_30306,success,-8.88417939,-8.55586653,0.32831286,,test
MOL_85717,success,-8.90154075,-8.6439422,0.25759855,,test
MOL_06769,success,-9.23581908,-8.25050939,0.98530969,,test
MOL_44737,success,-9.30247144,-8.23356894,1.0689025,,test
MOL_07996,success,-9.10818275,-8.47190473,0.63627802,,test
MOL_55309,success,-9.1091209,-8.4021576,0.7069633,,test
MOL_84693,success,-9.25838305,-8.29060398,0.96777907,,test
MOL_93980,success,-9.44259806,-8.05078737,1.39181069,,test
MOL_24006,success,-9.1777392,-8.22347389,0.95426531,,test
MOL_92066,success,-8.95164843,-8.53363844,0.41800999,,test
MOL_85984,success,-9.31945373,-8.0860434,1.23341033,,test
MOL_59542,success,-9.19968378,-8.27343269,0.92625109,,test
MOL_39426,success,-9.22311976,-8.27215274,0.95096703,,test
MOL_00896,success,-9.2125183,-8.2849939,0.9275244,,test
MOL_26388,success,-9.40041995,-8.02417744,1.37624251,,test
MOL_87864,success,-9.20079941,-8.33176224,0.86903717,,test
MOL_36397,success,-9.49041358,-7.96210041,1.52831316,,test
MOL_67031,success,-9.51849618,-7.95407498,1.56442121,,test
MOL_82873,success,-8.96643053,-8.5191946,0.44723593,,test
MOL_37282,success,-8.92649985,-8.61957052,0.30692933,,test
MOL_18415,success,-9.09948148,-8.37783706,0.72164442,,test
MOL_86675,success,-9.3007676,-8.19344139,1.10732621,,test
MOL_30757,success,-8.75580877,-8.7189817,0.03682707,,test
MOL_33250,success,-9.31668682,-8.15310219,1.16358463,,test
MOL_47246,success,-9.16742216,-8.26820052,0.89922164,,test
MOL_35704,success,-9.22309845,-8.25901193,0.96408652,,test
MOL_63682,success,-9.36061301,-8.01983301,1.34078,,test
MOL_99546,success,-9.44906938,-7.99668458,1.4523848,,test
MOL_01777,success,-8.90125309,-8.56559182,0.33566127,,test
MOL_64692,success,-8.90300737,-8.51333764,0.38966972,,test
MOL_02944,success,-9.43202934,-8.01015533,1.42187401,,test
MOL_32565,success,-9.09007406,-8.41068359,0.67939047,,test
MOL_88693,success,-9.51021892,-7.88457349,1.62564543,,test
MOL_56508,success,-9.42579257,-8.11700876,1.30878381,,test
MOL_16322,success,-9.01371819,-8.5863954,0.42732278,,test
MOL_63227,success,-9.42527023,-8.07108128,1.35418895,,test
MOL_44647,success,-9.00301368,-8.47010872,0.53290496,,test
MOL_64177,success,-9.31059433,-8.17289756,1.13769677,,test
MOL_49727,success,-9.27075185,-8.25051106,1.02024079,,test
MOL_71457,success,-9.38361667,-8.11509942,1.26851725,,test
MOL_79700,success,-9.38884943,-8.09125401,1.29759542,,test
MOL_22704,success,-9.20051318,-8.26835323,0.93215995,,test
MOL_70072,success,-9.40282117,-8.06451795,1.33830322,,test
MOL_39227,success,-8.76914475,-8.72654658,0.04259817,,test
MOL_14948,success,-9.03324778,-8.46594083,0.56730694,,test
MOL_71352,success,-9.10579904,-8.42760249,0.67819655,,test
MOL_27175,success,-8.9667399,-8.60635662,0.36038329,,test
MOL_63563,success,-9.32455747,-8.16513345,1.15942402,,test
MOL_65856,success,-9.26831658,-8.16068045,1.10763614,,test
MOL_86282,success,-8.87500921,-8.61604802,0.25896119,,test
MOL_74492,success,-8.78696179,-8.78418834,0.00277345,,test
MOL_04486,success,-9.30424081,-8.16946963,1.13477119,,test
MOL_49132,success,-9.42581846,-8.04322815,1.38259031,,test
MOL_70476,success,-9.15391921,-8.39549069,0.75842852,,test
MOL_96243,success,-9.29558984,-8.20341234,1.0921775,,test
MOL_33913,success,-9.28061064,-8.22561856,1.05499207,,test
MOL_01215,success,-9.31810517,-8.14916131,1.16894387,,test
MOL_38897,success,-9.26508586,-8.20323485,1.06185101,,test
MOL_24069,success,-9.17231216,-8.37667723,0.79563493,,test
MOL_59009,success,-9.26646097,-8.22038039,1.04608058,,test
MOL_19330,success,-8.97666743,-8.50203519,0.47463224,,test
MOL_48080,success,-8.94965972,-8.54972685,0.39993287,,test
MOL_33958,success,-9.33066597,-8.15206111,1.17860486,,test
MOL_31285,success,-9.20424347,-8.35283091,0.85141257,,test
MOL_25613,success,-9.13790445,-8.37890666,0.75899779,,test
MOL_37342,success,-8.91104177,-8.5966037,0.31443807,,test
MOL_78059,success,-9.02438315,-8.51637161,0.50801154,,test
MOL_92302,success,-9.17927688,-8.3030838,0.87619308,,test
MOL_06760,success,-9.29550235,-8.18061363,1.11488872,,test
MOL_51298,success,-9.03167073,-8.45882896,0.57284176,,test
MOL_50406,success,-9.15863537,-8.33819659,0.82043878,,test
MOL_00992,success,-9.14600294,-8.32755455,0.81844839,,test
MOL_66505,success,-9.08294546,-8.40981204,0.67313343,,test
MOL_94701,success,-8.92104749,-8.62179021,0.29925728,,test
MOL_14027,success,-9.24147656,-8.1571452,1.08433135,,test
MOL_01520,success,-9.21225875,-8.29622944,0.9160293,,test
MOL_59045,success,-9.1165832,-8.37251436,0.74406884,,test
MOL_02449,success,-8.91240382,-8.60678201,0.30562181,,test
MOL_07975,success,-9.25190371,-8.26812435,0.98377935,,test
MOL_79312,success,-9.25226674,-8.25377831,0.99848842,,test
MOL_94934,success,-9.2041766,-8.28661403,0.91756257,,test
MOL_11176,success,-9.15266966,-8.34608068,0.80658898,,test
MOL_89639,success,-9.38537448,-8.09657129,1.28880318,,test
MOL_92542,success,-9.17394583,-8.26369058,0.91025525,,test
MOL_98150,success,-8.86509026,-8.63335,0.23174026,,test
MOL_92824,success,-9.32303507,-8.12348693,1.19954815,,test
MOL_29538,success,-8.78213991,-8.73365263,0.04848728,,test
MOL_76892,success,-9.6651081,-7.70576424,1.95934386,,test
MOL_49354,success,-9.08908738,-8.3264981,0.76258929,,test
MOL_94230,success,-9.3556355,-8.06349233,1.29214317,,test
MOL_70157,success,-9.16724927,-8.34724109,0.82000817,,test
MOL_89680,success,-9.17997511,-8.36368222,0.8162929,,test
MOL_31749,success,-9.33898962,-8.05915174,1.27983788,,test
MOL_19983,success,-8.84612615,-8.65409468,0.19203148,,test
MOL_97612,success,-9.39177399,-8.02962681,1.36214718,,test
MOL_79911,success,-8.88762416,-8.62444684,0.26317733,,test
MOL_57258,success,-9.36068874,-8.10971449,1.25097425,,test
MOL_47496,success,-9.16061059,-8.36479638,0.79581421,,test
MOL_44780,success,-9.35385256,-8.08548136,1.2683712,,test
MOL_40930,success,-8.97252381,-8.62156252,0.3509613,,test
MOL_32466,success,-8.86867217,-8.65987225,0.20879992,,test
MOL_29700,success,-9.32628965,-8.09040598,1.23588367,,test
MOL_94363,success,-8.98746342,-8.53231212,0.4551513,,test
MOL_56317,success,-9.29159352,-8.12162934,1.16996418,,test
MOL_91179,success,-8.84639127,-8.68845838,0.15793289,,test
MOL_59100,success,-9.18539571,-8.37356683,0.81182887,,test
MOL_42762,success,-9.11829278,-8.36067966,0.75761312,,test
MOL_98024,success,-9.09673163,-8.31254805,0.78418358,,test
MOL_37717,success,-9.19047676,-8.26169785,0.92877891,,test
MOL_95080,success,-9.20925733,-8.33070453,0.8785528,,test
MOL_50157,success,-9.01986969,-8.48573105,0.53413863,,test
MOL_09005,success,-9.1450298,-8.34323185,0.80179795,,test
MOL_71126,success,-9.10023484,-8.44593899,0.65429585,,test
MOL_26277,success,-9.26746263,-8.22379895,1.04366368,,test
MOL_78954,success,-9.40929559,-8.06423098,1.34506461,,test
MOL_54427,success,-9.34820151,-8.10493123,1.24327028,,test
MOL_34831,success,-8.89500523,-8.59875514,0.29625009,,test
MOL_64703,success,-9.00118594,-8.492611,0.50857495,,test
MOL_53807,success,-9.16593617,-8.31396901,0.85196715,,test
MOL_85317,success,-9.31120475,-8.17993347,1.13127128,,test
MOL_05284,success,-8.94529019,-8.58599437,0.35929582,,test
MOL_75046,success,-8.90269529,-8.67841442,0.22428087,,test
MOL_57026,success,-9.32965384,-8.16277109,1.16688275,,test
MOL_25987,success,-9.16596635,-8.38405551,0.78191084,,test
MOL_36049,success,-9.26849386,-8.23057665,1.03791721,,test
MOL_47637,success,-9.44136198,-8.05268149,1.38868049,,test
MOL_69041,success,-9.38997961,-8.00002453,1.38995508,,test
MOL_90844,success,-9.33594296,-8.1276347,1.20830826,,test
MOL_72172,success,-9.08504568,-8.38769567,0.69735001,,test
MOL_34464,success,-9.25380564,-8.2295238,1.02428184,,test
MOL_22793,success,-9.14622266,-8.38105009,0.76517258,,test
MOL_60957,success,-9.09985424,-8.37079947,0.72905477,,test
MOL_28971,success,-9.14034698,-8.36152024,0.77882674,,test
MOL_65033,success,-9.30240251,-8.13830978,1.16409273,,test
MOL_31292,success,-9.17641362,-8.3360248,0.84038881,,test
MOL_38246,success,-8.82493424,-8.709097,0.11583724,,test
MOL_71838,success,-9.33283234,-8.19358626,1.13924607,,test
MOL_41641,success,-9.40253402,-8.08471242,1.3178216,,test
MOL_80833,success,-9.07908838,-8.41539541,0.66369297,,test
MOL_93396,success,-9.52253562,-7.94103026,1.58150535,,test
MOL_25021,success,-9.49279799,-7.91246883,1.58032916,,test
MOL_95399,success,-9.28583517,-8.25382765,1.03200752,,test
MOL_66961,success,-9.23910259,-8.30762735,0.93147523,,test
MOL_10564,success,-9.31276055,-8.14932947,1.16343108,,test
MOL_80328,success,-9.09229691,-8.41229757,0.67999935,,test
MOL_26123,success,-8.88908299,-8.61886677,0.27021622,,test
MOL_68584,success,-9.41660241,-7.98021805,1.43638436,,test
MOL_30122,success,-8.77814395,-8.73181724,0.04632671,,test
MOL_02349,success,-9.02017449,-8.48753542,0.53263907,,test
MOL_53842,success,-8.89920272,-8.62437888,0.27482384,,test
MOL_08913,success,-9.02137697,-8.52417399,0.49720298,,test
MOL_72967,success,-9.31326217,-8.11796168,1.1953005,,test
MOL_29569,success,-9.19647365,-8.31302568,0.88344797,,test
MOL_17401,success,-9.06868233,-8.50164344,0.56703889,,test
MOL_01713,success,-8.90441247,-8.54978334,0.35462914,,test
MOL_25965,success,-9.16721113,-8.3082543,0.85895683,,test
MOL_38020,success,-9.00953313,-8.57045378,0.43907935,,test
MOL_46798,success,-9.16408989,-8.4156357,0.74845419,,test
MOL_59579,success,-9.06641305,-8.40395521,0.66245784,,test
MOL_68374,success,-9.36825005,-8.13623823,1.23201182,,test
MOL_10671,success,-9.33520896,-8.16726252,1.16794643,,test
MOL_12371,success,-9.47550663,-8.01377341,1.46173322,,test
MOL_29286,success,-9.13785301,-8.39882522,0.73902779,,test
MOL_11521,success,-8.79300299,-8.70329325,0.08970974,,test
MOL_75206,success,-8.89983198,-8.67812175,0.22171023,,test
MOL_27976,success,-9.20211303,-8.26562415,0.93648889,,test
MOL_24053,success,-9.2685013,-8.18116087,1.08734043,,test
MOL_54905,success,-9.04096832,-8.48410771,0.55686062,,test
MOL_24070,success,-8.96240843,-8.56406395,0.39834448,,test
MOL_78708,success,-9.22643485,-8.26767649,0.95875836,,test
MOL_17863,success,-8.94753341,-8.52858231,0.4189511,,test
MOL_18176,success,-9.25713765,-8.20314237,1.05399529,,test
MOL_57579,success,-9.17962244,-8.2976315,0.88199094,,test
MOL_94757,success,-8.95318885,-8.57072983,0.38245902,,test
MOL_64928,success,-8.83850474,-8.66547313,0.17303161,,test
MOL_07311,success,-9.41384244,-8.06523923,1.3486032,,test
MOL_30402,success,-9.34732611,-8.11440199,1.23292412,,test
MOL_61520,success,-9.18195323,-8.35704071,0.82491252,,test
MOL_24249,success,-9.26942143,-8.24404001,1.02538141,,test
MOL_93070,success,-9.09300884,-8.44860689,0.64440195,,test
MOL_53786,success,-9.17492055,-8.30141597,0.87350458,,test
MOL_99784,success,-9.24874762,-8.23786263,1.010885,,test
MOL_28866,success,-9.35179433,-8.20875248,1.14304185,,test
MOL_78170,success,-8.90833461,-8.63767031,0.2706643,,test
MOL_82658,success,-8.80500894,-8.69631658,0.10869237,,test
MOL_62728,success,-9.54540886,-7.9074396,1.63796927,,test
MOL_69497,success,-9.21411651,-8.35620873,0.85790778,,test
MOL_82798,success,-9.05558833,-8.42856852,0.62701982,,test
MOL_40709,success,-9.46921799,-7.99739953,1.47181846,,test
MOL_75813,success,-9.18191654,-8.36217063,0.81974591,,test
MOL_04235,success,-9.23813496,-8.26303063,0.97510433,,test
MOL_75006,success,-9.10859319,-8.400989,0.7076042,,test
MOL_75853,success,-9.17168909,-8.35878589,0.81290321,,test
MOL_50258,success,-9.11765333,-8.29856345,0.81908988,,test
MOL_10590,success,-9.47934941,-7.94193378,1.53741563,,test
MOL_23422,success,-9.48368095,-8.01689423,1.46678672,,test
MOL_06687,success,-9.09974956,-8.39707045,0.70267911,,test
MOL_37300,success,-9.00278188,-8.47984717,0.52293471,,test
MOL_22156,success,-8.89711273,-8.65243635,0.24467638,,test
MOL_36112,success,-9.28108044,-8.18710309,1.09397735,,test
MOL_43838,success,-8.94907432,-8.51283448,0.43623984,,test
MOL_91742,success,-9.04067017,-8.5009689,0.53970126,,test
MOL_25717,success,-9.15653356,-8.40540768,0.75112589,,test
MOL_50345,success,-9.07040748,-8.49201469,0.57839279,,test
MOL_65493,success,-9.07364286,-8.45996295,0.61367991,,test
MOL_26088,success,-9.24278065,-8.23528744,1.00749321,,test
MOL_63763,success,-9.05796701,-8.33545462,0.72251239,,test
MOL_70248,success,-9.22352232,-8.2159601,1.00756223,,test
MOL_10270,success,-9.04052285,-8.48754956,0.55297329,,test
MOL_81006,success,-9.33412288,-8.12798559,1.20613729,,test
MOL_13198,success,-8.97656693,-8.53129424,0.44527269,,test
MOL_81018,success,-9.25161627,-8.22927944,1.02233682,,test
MOL_14793,success,-8.91171006,-8.66727287,0.24443718,,test
MOL_24121,success,-8.86366029,-8.64979299,0.2138673,,test
MOL_26167,success,-9.15166058,-8.39885513,0.75280545,,test
MOL_11880,success,-9.06565545,-8.50483174,0.5608237,,test
MOL_19178,success,-9.12520876,-8.4110537,0.71415506,,test
MOL_06218,success,-9.07891289,-8.46449626,0.61441663,,test
MOL_12322,success,-9.2368729,-8.26863521,0.96823769,,test
MOL_97346,success,-8.99932657,-8.56666914,0.43265743,,test
MOL_22825,success,-9.24764976,-8.24130469,1.00634507,,test
MOL_76197,success,-9.29668685,-8.27831665,1.0183702,,test
MOL_03264,success,-9.01653395,-8.51532689,0.50120706,,test
MOL_30167,success,-9.15824019,-8.35459269,0.80364749,,test
MOL_39948,success,-9.36118516,-7.95786189,1.40332327,,test
MOL_34223,success,-9.15890451,-8.29858509,0.86031942,,test
MOL_01640,success,-9.48882184,-7.97660794,1.51221391,,test
MOL_38827,success,-8.95449112,-8.58019841,0.37429271,,test
MOL_76030,success,-9.08599511,-8.49061186,0.59538325,,test
MOL_97222,success,-9.28955264,-8.24311089,1.04644175,,test
MOL_34823,success,-8.80306192,-8.75757396,0.04548796,,test
MOL_70027,success,-9.05713562,-8.39728945,0.65984617,,test
MOL_12126,success,-9.10021526,-8.38049228,0.71972297,,test
MOL_16687,success,-8.98948554,-8.5277511,0.46173444,,test
MOL_98230,success,-9.35002287,-8.04221353,1.30780935,,test
MOL_54169,success,-8.9270737,-8.56773183,0.35934187,,test
MOL_09165,success,-9.03575522,-8.47991639,0.55583883,,test
MOL_16360,success,-9.05630053,-8.46186655,0.59443398,,test
MOL_94047,success,-9.12164238,-8.39787421,0.72376817,,test
MOL_35635,success,-8.79691753,-8.70616871,0.09074882,,test
MOL_81186,success,-9.33779593,-8.13329517,1.20450077,,test
MOL_35295,success,-9.14063101,-8.3743619,0.76626911,,test
MOL_28647,success,-8.92991075,-8.47494211,0.45496863,,test
MOL_22824,success,-9.15346409,-8.38422841,0.76923567,,test
MOL_98534,success,-8.8060772,-8.72921686,0.07686034,,test
MOL_10905,success,-9.24669252,-8.26134313,0.98534938,,test
MOL_94361,success,-9.19906984,-8.26855731,0.93051252,,test
MOL_99173,success,-9.26188363,-8.26217188,0.99971175,,test
MOL_95230,success,-9.35261156,-8.16784416,1.1847674,,test
MOL_85581,success,-8.78530342,-8.69352992,0.0917735,,test
MOL_37517,success,-9.3558062,-8.05524416,1.30056204,,test
MOL_90102,success,-9.32293192,-8.16323591,1.15969601,,test
MOL_50686,success,-9.29966141,-8.16452033,1.13514108,,test
MOL_32328,success,-9.02732454,-8.50382776,0.52349678,,test
MOL_15025,success,-9.01524297,-8.52735793,0.48788504,,test
MOL_26986,success,-9.30783808,-8.19345256,1.11438551,,test
MOL_47663,success,-9.15051548,-8.28848892,0.86202657,,test
MOL_36192,success,-8.96479153,-8.54928419,0.41550734,,test
MOL_20707,success,-9.04639691,-8.31029386,0.73610305,,test
MOL_44100,success,-9.23395831,-8.32838408,0.90557423,,test
MOL_44007,success,-9.25611118,-8.29675476,0.95935642,,test
MOL_44560,success,-9.08838431,-8.37605853,0.71232578,,test
MOL_60420,success,-9.04887558,-8.44435868,0.6045169,,test
MOL_60050,success,-9.16028921,-8.35267279,0.80761641,,test
MOL_66324,success,-9.31405559,-8.11035382,1.20370177,,test
MOL_83439,success,-9.42187539,-8.01470157,1.40717382,,test
MOL_26953,success,-9.2659441,-8.18719549,1.07874861,,test
MOL_19241,success,-9.17902887,-8.34479814,0.83423073,,test
MOL_59771,success,-8.80247334,-8.72863508,0.07383827,,test
MOL_08075,success,-9.10368559,-8.36161183,0.74207376,,test
MOL_38342,success,-9.10674143,-8.41651564,0.69022579,,test
MOL_60492,success,-9.49488523,-7.94110595,1.55377928,,test
MOL_97882,success,-9.34326954,-8.08741253,1.25585701,,test
MOL_52632,success,-9.07871645,-8.36308838,0.71562808,,test
MOL_44374,success,-9.07072218,-8.38744633,0.68327585,,test
MOL_52290,success,-8.96271792,-8.58835322,0.3743647,,test
MOL_26154,success,-9.09536393,-8.38060052,0.7147634,,test
MOL_58964,success,-9.02142726,-8.43304124,0.58838601,,test
MOL_43080,success,-9.18102472,-8.29761566,0.88340905,,test
MOL_48996,success,-9.12387558,-8.37294959,0.75092599,,test
MOL_20229,success,-9.02596179,-8.52056176,0.50540003,,test
MOL_81794,success,-8.77983735,-8.76320498,0.01663238,,test
MOL_04354,success,-8.98057562,-8.48981768,0.49075793,,test
MOL_36783,success,-9.10656504,-8.38799558,0.71856946,,test
MOL_79336,success,-9.3050371,-8.22356342,1.08147369,,test
MOL_36376,success,-9.15384511,-8.34091041,0.8129347,,test
MOL_63048,success,-9.26992864,-8.15935291,1.11057574,,test
MOL_37950,success,-8.83155076,-8.69745361,0.13409715,,test
MOL_83669,success,-9.14055552,-8.3673151,0.77324042,,test
MOL_89224,success,-9.19790626,-8.31530882,0.88259744,,test
MOL_00929,success,-9.13934005,-8.34515269,0.79418736,,test
MOL_25336,success,-8.84007507,-8.68411354,0.15596153,,test
MOL_62246,success,-9.10545315,-8.34801642,0.75743674,,test
MOL_79122,success,-9.23088584,-8.19817712,1.03270872,,test
MOL_78883,success,-8.89429045,-8.59827334,0.29601711,,test
MOL_79773,success,-9.10385056,-8.35908397,0.74476659,,test
MOL_61416,success,-9.31276462,-8.18371784,1.12904678,,test
MOL_74751,success,-9.31200823,-8.22880565,1.08320258,,test
MOL_72710,success,-9.41869452,-8.00338825,1.41530628,,test
MOL_89920,success,-9.15297399,-8.38979142,0.76318257,,test
MOL_39918,success,-9.27848958,-8.17936165,1.09912794,,test
MOL_03033,success,-9.24072032,-8.18931569,1.05140462,,test
MOL_42470,success,-8.91070542,-8.53025127,0.38045416,,test
MOL_53530,success,-8.92467225,-8.63703915,0.2876331,,test
MOL_90477,success,-9.20001919,-8.34201079,0.85800839,,test
MOL_97911,success,-9.07378632,-8.45476002,0.6190263,,test
MOL_71200,success,-9.22974917,-8.33418448,0.89556468,,test
MOL_21749,success,-9.03540441,-8.48029197,0.55511244,,test
MOL_97771,success,-9.08241241,-8.48136277,0.60104964,,test
MOL_49967,success,-8.8527251,-8.69859267,0.15413243,,test
MOL_94424,success,-9.15743099,-8.28463367,0.87279732,,test
MOL_62055,success,-9.21919652,-8.29017326,0.92902327,,test
MOL_42926,success,-9.13452553,-8.38072233,0.7538032,,test
MOL_12820,success,-9.18603316,-8.25049784,0.93553531,,test
MOL_94307,success,-9.372441,-8.090039,1.282402,,test
MOL_70414,success,-9.03328052,-8.44203702,0.59124349,,test
MOL_51895,success,-8.89721511,-8.5201745,0.3770406,,test
MOL_69065,success,-8.89067047,-8.60661718,0.2840533,,test
MOL_66972,success,-9.24275253,-8.27360177,0.96915077,,test
MOL_37768,success,-9.22111545,-8.18130132,1.03981413,,test
MOL_18230,success,-8.79899047,-8.73838453,0.06060594,,test
MOL_30701,success,-9.14832159,-8.34204873,0.80627286,,test
MOL_65813,success,-9.3910085,-8.06234945,1.32865905,,test
MOL_55087,success,-9.02841023,-8.47050423,0.557906,,test
MOL_93695,success,-9.12516916,-8.43503398,0.69013518,,test
MOL_56224,success,-9.08057535,-8.39018687,0.69038848,,test
MOL_85049,success,-9.32294532,-8.18054597,1.14239936,,test
MOL_80129,success,-9.1120801,-8.37971867,0.73236144,,test
MOL_53156,success,-9.04697139,-8.42494154,0.62202985,,test
MOL_49506,success,-9.19118205,-8.25433552,0.93684654,,test
MOL_15122,success,-8.92908441,-8.64511472,0.28396968,,test
MOL_89302,success,-9.22172975,-8.28477995,0.9369498,,test
MOL_89233,success,-9.09684424,-8.36312229,0.73372194,,test
MOL_58127,success,-9.24083805,-8.24994163,0.99089642,,test
MOL_96591,success,-9.06379331,-8.41521148,0.64858184,,test
MOL_41028,success,-9.43038808,-8.02521416,1.40517392,,test
MOL_16215,success,-8.84024518,-8.57853344,0.26171174,,test
MOL_06022,success,-8.97054963,-8.55735941,0.41319021,,test
MOL_54556,success,-9.29796497,-8.19463873,1.10332624,,test
MOL_53984,success,-9.36041414,-8.10302987,1.25738427,,test
MOL_93287,success,-9.0238959,-8.50336371,0.52053219,,test
MOL_64856,success,-9.27470878,-8.21587593,1.05883285,,test
MOL_31674,success,-9.28101821,-8.24876459,1.03225363,,test
MOL_69962,success,-8.9940239,-8.53686793,0.45715598,,test
MOL_28014,success,-8.97131417,-8.551587,0.41972717,,test
MOL_96761,success,-9.26458774,-8.25679264,1.00779509,,test
MOL_53398,success,-9.33650954,-8.08792934,1.2485802,,test
MOL_28661,success,-9.23094289,-8.27571962,0.95522327,,test
MOL_09009,success,-8.78272497,-8.75534229,0.02738268,,test
MOL_94773,success,-9.33388365,-8.09231118,1.24157248,,test
MOL_07807,success,-9.2581061,-8.23776948,1.02033661,,test
MOL_95649,success,-9.21771845,-8.28197905,0.9357394,,test
MOL_73968,success,-9.047385,-8.51283783,0.53454717,,test
MOL_84273,success,-8.91937841,-8.59858437,0.32079404,,test
MOL_04010,success,-9.38378675,-8.11538222,1.26840453,,test
MOL_60070,success,-9.49885875,-7.91149644,1.58736231,,test
MOL_75261,success,-8.80625822,-8.73379911,0.0724591,,test
MOL_84386,success,-9.41347756,-8.07239142,1.34108614,,test
MOL_54995,success,-9.19755962,-8.25827529,0.93928433,,test
MOL_70174,success,-9.32165647,-8.1085683,1.21308817,,test
MOL_81957,success,-9.25151268,-8.27946195,0.97205073,,test
MOL_28618,success,-9.25078203,-8.26696113,0.98382089,,test
MOL_67665,success,-9.4863913,-7.91201707,1.57437423,,test
MOL_99884,success,-9.15240226,-8.38410338,0.76829889,,test
MOL_85021,success,-9.29459197,-8.26302679,1.03156518,,test
MOL_63617,success,-9.13730568,-8.37481805,0.76248763,,test
MOL_21158,success,-9.22782058,-8.29792024,0.92990033,,test
MOL_84115,success,-9.21160465,-8.24260273,0.96900192,,test
MOL_81759,success,-9.09740051,-8.42424836,0.67315215,,test
MOL_03036,success,-8.76918088,-8.72158684,0.04759404,,test
MOL_50166,success,-9.31748049,-8.07629027,1.24119021,,test
MOL_14122,success,-8.98269845,-8.5173932,0.46530525,,test
MOL_12284,success,-9.38164393,-8.07179043,1.3098535,,test
MOL_25479,success,-9.45183361,-8.04014766,1.41168595,,test
MOL_55311,success,-8.9907241,-8.5256421,0.465082,,test
MOL_41086,success,-9.04957951,-8.46530602,0.58427349,,test
MOL_30009,success,-9.336135,-8.12279878,1.21333621,,test
MOL_30481,success,-9.2117867,-8.27047005,0.94131665,,test
MOL_21676,success,-9.29761593,-8.05165027,1.24596566,,test
MOL_84177,success,-8.97925765,-8.48808787,0.49116979,,test
MOL_79577,success,-8.88417168,-8.66164101,0.22253067,,test
MOL_37698,success,-9.30547427,-8.24700194,1.05847233,,test
MOL_95543,success,-9.2668176,-8.22099272,1.04582488,,test
MOL_24253,success,-9.36472913,-8.1468672,1.21786193,,test
MOL_15112,success,-9.49111562,-7.97729618,1.51381944,,test
MOL_03912,success,-9.21227563,-8.23948293,0.97279269,,test
MOL_01216,success,-8.80474256,-8.78322123,0.02152133,,test
MOL_45651,success,-8.87574536,-8.71999392,0.15575145,,test
MOL_81493,success,-9.20980861,-8.34070368,0.86910493,,test
MOL_35422,success,-9.09728364,-8.35411222,0.74317142,,test
MOL_77675,success,-9.02150244,-8.39249878,0.62900366,,test
MOL_72662,success,-8.90077949,-8.56929834,0.33148115,,test
MOL_98733,success,-8.96590417,-8.46880675,0.49709743,,test
MOL_57902,success,-9.08552641,-8.43839572,0.64713069,,test
MOL_96431,success,-9.33638933,-8.16822607,1.16816326,,test
MOL_29420,success,-8.90725241,-8.62643728,0.28081513,,test
MOL_70456,success,-8.78866271,-8.68109906,0.10756365,,test
MOL_41138,success,-9.41565385,-7.99403565,1.42161821,,test
MOL_70786,success,-8.87774542,-8.64529534,0.23245008,,test
MOL_25099,success,-9.19696799,-8.26867157,0.92829642,,test
MOL_92696,success,-9.04804608,-8.42827625,0.61976982,,test
MOL_86761,success,-8.94845288,-8.53808881,0.41036408,,test
MOL_56488,success,-9.15886645,-8.40055343,0.75831302,,test
MOL_65784,success,-9.4631538,-7.95397203,1.50918177,,test
MOL_09853,success,-8.73792132,-8.73192667,0.00599464,,test
MOL_62350,success,-9.21735181,-8.28946547,0.92788635,,test
MOL_82030,success,-9.28378307,-8.15205542,1.13172764,,test
MOL_96310,success,-9.11422822,-8.37641066,0.73781756,,test
MOL_33555,success,-9.28510956,-8.18554692,1.09956264,,test
MOL_60209,success,-9.11861609,-8.39326435,0.72535174,,test
MOL_64010,success,-9.16275638,-8.36484413,0.79791225,,test
MOL_16056,success,-8.75023385,-8.7093446,0.04088925,,test
MOL_18094,success,-9.01903649,-8.5571438,0.46189268,,test
MOL_12684,success,-9.25072779,-8.25767331,0.99305449,,test
MOL_45444,success,-8.91946258,-8.55416522,0.36529736,,test
MOL_88882,success,-8.76901879,-8.70023814,0.06878065,,test
MOL_28768,success,-9.16350516,-8.32887213,0.83463302,,test
MOL_37895,success,-9.1002176,-8.36767646,0.73254114,,test
MOL_57274,success,-9.10609218,-8.39282703,0.71326515,,test
MOL_29566,success,-8.82009289,-8.65415196,0.16594094,,test
MOL_06710,success,-9.39406705,-8.05812226,1.3359448,,test
MOL_13846,success,-9.30715942,-8.15168684,1.15547257,,test
MOL_14719,success,-9.16122093,-8.36548091,0.79574002,,test
MOL_33627,success,-9.17514232,-8.32889951,0.84624281,,test
MOL_48756,success,-8.9618333,-8.47093327,0.49090003,,test
MOL_68718,success,-9.20374937,-8.24587635,0.95787302,,test
MOL_29360,success,-9.010668,-8.42978757,0.58088043,,test
MOL_63680,success,-8.86699842,-8.64316881,0.2238296,,test
MOL_50219,success,-9.27827608,-8.21493516,1.06334093,,test
MOL_28437,success,-8.81178882,-8.71253776,0.09925107,,test
MOL_07661,success,-9.13839176,-8.35127182,0.78711994,,test
MOL_24763,success,-8.88514622,-8.64424907,0.24089714,,test
MOL_43447,success,-9.17778839,-8.26792639,0.909862,,test
MOL_76516,success,-9.45098829,-7.96172683,1.48926146,,test
MOL_25761,success,-9.46268712,-7.97516037,1.48752675,,test
MOL_27789,success,-9.06603201,-8.47991083,0.58612119,,test
MOL_92441,success,-9.05766663,-8.40208064,0.65558599,,test
MOL_29252,success,-8.94113195,-8.59938467,0.34174728,,test
MOL_44764,success,-8.89500759,-8.55683541,0.33817218,,test
MOL_39293,success,-9.31383597,-8.10367879,1.21015717,,test
MOL_51082,success,-9.29216104,-8.17253159,1.11962945,,test
MOL_15232,success,-9.21490211,-8.20656453,1.00833758,,test
MOL_73539,success,-9.16295243,-8.27273821,0.89021421,,test
MOL_51605,success,-9.00398606,-8.48722659,0.51675948,,test
MOL_97402,success,-9.29955784,-8.17661323,1.12294462,,test
MOL_47379,success,-8.96515836,-8.50392519,0.46123317,,test
MOL_97862,success,-9.22639636,-8.26611369,0.96028267,,test
MOL_34195,success,-9.07479898,-8.4169609,0.65783808,,test
MOL_11450,success,-9.05776319,-8.42518288,0.63258032,,test
MOL_49957,success,-9.11915935,-8.38387615,0.73528319,,test
MOL_14448,success,-9.20406765,-8.3030155,0.90105215,,test
MOL_94501,success,-9.27622501,-8.19625347,1.07997154,,test
MOL_11187,success,-9.32283251,-8.1596601,1.16317241,,test
MOL_20837,success,-8.90655791,-8.60680098,0.29975693,,test
MOL_13007,success,-9.19475883,-8.32964978,0.86510906,,test
MOL_44861,success,-9.19449811,-8.24796762,0.94653049,,test
MOL_00535,success,-9.25483989,-8.20055074,1.05428915,,test
MOL_88435,success,-8.87169158,-8.63660683,0.23508475,,test
MOL_30229,success,-9.03765796,-8.4870385,0.55061946,,test
MOL_72063,success,-9.30638109,-8.20751351,1.09886758,,test
MOL_14475,success,-9.13735754,-8.32901467,0.80834287,,test
MOL_89711,success,-9.22338333,-8.31745193,0.90593139,,test
MOL_85941,success,-8.76133165,-8.73191402,0.02941762,,test
MOL_98103,success,-9.36469978,-8.13369668,1.2310031,,test
MOL_86378,success,-9.31613557,-8.19535527,1.1207803,,test
MOL_17434,success,-9.22668784,-8.22943764,0.9972502,,test
MOL_57501,success,-9.29796413,-8.11054169,1.18742244,,test
MOL_04934,success,-9.08240372,-8.35788077,0.72452295,,test
MOL_84539,success,-9.18539228,-8.34431615,0.84107613,,test
MOL_17334,success,-9.15054844,-8.33769239,0.81285605,,test
MOL_85580,success,-9.304303,-8.15608295,1.14822005,,test
MOL_47578,success,-9.14233432,-8.39547307,0.74686124,,test
MOL_37652,success,-9.55922595,-7.89361378,1.66561217,,test
MOL_02371,success,-8.98989714,-8.47701587,0.51288127,,test
MOL_93290,success,-9.17405547,-8.32772373,0.84633174,,test
MOL_46575,success,-9.37414454,-8.04566771,1.32847683,,test
MOL_37824,success,-8.98924277,-8.54951175,0.43973101,,test
MOL_27411,success,-8.93763254,-8.63103891,0.30659364,,test
MOL_72923,success,-8.83621216,-8.68744338,0.14876877,,test
MOL_13674,success,-8.96215138,-8.5968297,0.36532168,,test
MOL_46881,success,-9.10756295,-8.39455432,0.71300863,,test
MOL_97461,success,-9.07343793,-8.41185554,0.66158239,,test
MOL_93082,success,-9.09345601,-8.41361171,0.67984429,,test
MOL_25112,success,-9.08477257,-8.46243931,0.62233326,,test
MOL_38436,success,-8.82723462,-8.71527805,0.11195657,,test
MOL_01003,success,-9.3043277,-8.13580265,1.16852505,,test
MOL_39946,success,-9.30575344,-8.17649387,1.12925957,,test
MOL_95680,success,-8.99081652,-8.51117346,0.47964306,,test
MOL_12781,success,-9.51116245,-7.92684783,1.58431462,,test
MOL_82626,success,-9.27540619,-8.17597192,1.09943427,,test
MOL_80870,success,-9.32016683,-8.10827751,1.21188932,,test
MOL_68852,success,-9.18667847,-8.3919102,0.79476827,,test
MOL_05593,success,-8.75017117,-8.73246124,0.01770993,,test
MOL_30091,success,-9.46556146,-7.98485196,1.4807095,,test
MOL_99096,success,-8.96636862,-8.51423344,0.45213518,,test
MOL_70450,success,-9.42900071,-7.96559162,1.4634091,,test
MOL_56265,success,-8.75956796,-8.71652487,0.04304309,,test
MOL_06143,success,-9.31668511,-8.04459073,1.27209438,,test
MOL_87499,success,-8.97279671,-8.5609431,0.41185361,,test
MOL_86375,success,-9.02058411,-8.55935498,0.46122913,,test
MOL_97375,success,-9.29762756,-8.12549097,1.17213659,,test
MOL_75880,success,-9.23590827,-8.26330322,0.97260505,,test
MOL_99235,success,-8.90394121,-8.61810774,0.28583347,,test
MOL_80043,success,-9.52737399,-7.96895969,1.5584143,,test
MOL_59477,success,-8.87462784,-8.61766518,0.25696266,,test
MOL_07402,success,-8.84209884,-8.61698,0.22511884,,test
MOL_79832,success,-9.01838756,-8.54423066,0.4741569,,test
MOL_20645,success,-9.07573396,-8.41101074,0.66472322,,test
MOL_59104,success,-9.04924464,-8.47723846,0.57200618,,test
MOL_32671,success,-9.22337194,-8.25140239,0.97196954,,test
MOL_11781,success,-9.26546604,-8.2881783,0.97728774,,test
MOL_96102,success,-9.00707648,-8.44749485,0.55958163,,test
MOL_71214,success,-8.78306896,-8.7019759,0.08109306,,test
MOL_18883,success,-9.19226924,-8.21412157,0.97814767,,test
MOL_40411,success,-8.93287214,-8.62518333,0.30768881,,test
MOL_90803,success,-8.86212768,-8.69838223,0.16374545,,test
MOL_00301,success,-9.08256746,-8.39961791,0.68294954,,test
MOL_14107,success,-9.06781288,-8.39450597,0.67330691,,test
MOL_60226,success,-9.21069985,-8.35285983,0.85784002,,test
MOL_09657,success,-9.06603587,-8.45957119,0.60646468,,test
MOL_13738,success,-9.27660838,-8.19314988,1.0834585,,test
MOL_74581,success,-9.2693026,-8.1957659,1.0735367,,test
MOL_39286,success,-9.1579846,-8.31740159,0.840583,,test
MOL_36422,success,-9.3139928,-8.12070827,1.19328454,,test
MOL_38026,success,-9.14400318,-8.30643764,0.83756554,,test
MOL_43019,success,-9.01951374,-8.4808438,0.53866994,,test
MOL_55702,success,-9.26259117,-8.29774444,0.96484673,,test
MOL_85729,success,-9.01006627,-8.51845062,0.49161565,,test
MOL_28799,success,-9.13863338,-8.36419337,0.77444001,,test
MOL_77032,success,-9.02034358,-8.49498498,0.5253586,,test
MOL_16014,success,-9.01823607,-8.51441339,0.50382268,,test
MOL_79205,success,-9.33421426,-7.99673336,1.33748091,,test
MOL_57318,success,-9.05411528,-8.43806769,0.61604759,,test
MOL_61315,success,-9.36856784,-8.09950163,1.26906621,,test
MOL_42300,success,-9.11060539,-8.42114238,0.68946301,,test
MOL_92743,success,-8.80791641,-8.6615494,0.14636701,,test
MOL_54773,success,-9.07657804,-8.43735651,0.63922152,,test
MOL_00920,success,-8.79676051,-8.70146153,0.09529898,,test
MOL_73693,success,-8.99743542,-8.50397623,0.49345919,,test
MOL_21873,success,-9.18258855,-8.26521376,0.91737479,,test
MOL_73532,success,-9.04002991,-8.39404146,0.64598845,,test
MOL_87508,success,-9.27334088,-8.241882,1.03145888,,test
MOL_25959,success,-9.31137435,-8.16045539,1.15091896,,test
MOL_00601,success,-9.26575999,-8.23956936,1.02619063,,test
MOL_50440,success,-8.82677089,-8.64475711,0.18201377,,test
MOL_82515,success,-9.30812684,-8.15680056,1.15132628,,test
MOL_27410,success,-9.09819686,-8.41678232,0.68141454,,test
MOL_01527,success,-9.00619938,-8.55218222,0.45401717,,test
MOL_20679,success,-9.06355769,-8.45636861,0.60718908,,test
MOL_65295,success,-9.54146645,-7.87795308,1.66351337,,test
MOL_83559,success,-8.78167603,-8.73300881,0.04866722,,test
MOL_32409,success,-9.08814668,-8.45947944,0.62866724,,test
MOL_43882,success,-8.95832828,-8.53420263,0.42412565,,test
MOL_53878,success,-9.196566,-8.35043928,0.84612672,,test
MOL_36897,success,-8.76481093,-8.7277293,0.03708163,,test
MOL_83858,success,-9.22534113,-8.28171739,0.94362374,,test
MOL_10860,success,-9.34915464,-8.21078914,1.1383655,,test
MOL_86110,success,-8.78110681,-8.76965927,0.01144754,,test
MOL_79318,success,-9.13397064,-8.32291416,0.81105647,,test
MOL_36802,success,-9.3348466,-8.10072329,1.23412331,,test
MOL_50932,success,-9.25468596,-8.24100454,1.01368142,,test
MOL_81310,success,-9.35280753,-8.12134392,1.23146361,,test
MOL_93211,success,-8.857068,-8.66025235,0.19681566,,test
MOL_39458,success,-9.21286739,-8.3063832,0.90648419,,test
MOL_13509,success,-9.12334446,-8.38679688,0.73654759,,test
MOL_93274,success,-9.07352292,-8.46970156,0.60382136,,test
MOL_41838,success,-9.13946683,-8.37454897,0.76491786,,test
MOL_43152,success,-9.09591837,-8.3723851,0.72353326,,test
MOL_78799,success,-9.17797073,-8.2910118,0.88695892,,test
MOL_41977,success,-9.33098278,-8.1149892,1.21599358,,test
MOL_21097,success,-9.01994539,-8.4839411,0.53600429,,test
MOL_71936,success,-9.24705181,-8.21213114,1.03492067,,test
MOL_16750,success,-9.49179284,-7.8894204,1.60237243,,test
MOL_15481,success,-8.85055571,-8.69291086,0.15764486,,test
MOL_75524,success,-9.2284848,-8.26326495,0.96521985,,test
MOL_14108,success,-9.08584637,-8.38416451,0.70168187,,test
MOL_74937,success,-8.99543383,-8.5247929,0.47064093,,test
MOL_30110,success,-9.36047768,-8.07676324,1.28371444,,test
MOL_65386,success,-9.0506021,-8.51554599,0.53505611,,test
MOL_57254,success,-8.98985375,-8.52152782,0.46832593,,test
MOL_87979,success,-9.06027189,-8.45598178,0.6042901,,test
MOL_73336,success,-9.40240258,-8.09057434,1.31182824,,test
MOL_60012,success,-9.51472349,-7.9170113,1.59771219,,test
MOL_62744,success,-9.14648779,-8.38997972,0.75650808,,test
MOL_24141,success,-8.77650522,-8.69043209,0.08607313,,test
MOL_95754,success,-9.43677691,-8.0531595,1.38361741,,test
MOL_96938,success,-9.34849541,-8.21579664,1.13269877,,test
MOL_64714,success,-9.41681686,-8.05322647,1.36359039,,test
MOL_36388,success,-9.16959971,-8.3203178,0.84928191,,test
MOL_49345,success,-9.29770209,-8.23204124,1.06566084,,test
MOL_95996,success,-9.28167521,-8.16369179,1.11798342,,test
MOL_74217,success,-9.21669052,-8.26057399,0.95611653,,test
MOL_95278,success,-9.14002837,-8.41869381,0.72133456,,test
MOL_55807,success,-8.88892847,-8.61580205,0.27312642,,test
MOL_35523,success,-8.97633595,-8.54131513,0.43502082,,test
MOL_09305,success,-9.34016012,-8.20896364,1.13119647,,test
MOL_05677,success,-9.38912993,-8.10456156,1.28456837,,test
MOL_48344,success,-9.36546259,-7.98762057,1.37784202,,test
MOL_80000,success,-9.47501365,-7.96294602,1.51206763,,test
MOL_63782,success,-9.09819789,-8.38339568,0.7148022,,test
MOL_52457,success,-8.86285108,-8.66080956,0.20204152,,test
MOL_79821,success,-9.26284652,-8.24104227,1.02180424,,test
MOL_05310,success,-9.10510277,-8.44103919,0.66406358,,test
MOL_70530,success,-9.25562548,-8.18339434,1.07223114,,test
MOL_63860,success,-8.98647988,-8.52989936,0.45658052,,test
MOL_33467,success,-9.04763865,-8.47539975,0.57223889,,test
MOL_62762,success,-9.51900213,-7.95947391,1.55952822,,test
MOL_53605,success,-9.25951511,-8.23186155,1.02765356,,test
MOL_61410,success,-9.13609721,-8.3878734,0.74822381,,test
MOL_73402,success,-8.84122281,-8.68142875,0.15979406,,test
MOL_07034,success,-9.00949482,-8.5076306,0.50186422,,test
MOL_67766,success,-8.87591263,-8.63314144,0.24277119,,test
MOL_66781,success,-9.459451,-8.04924307,1.41020793,,test
MOL_23196,success,-9.14644149,-8.35367303,0.79276845,,test
MOL_93182,success,-9.15221515,-8.40061301,0.75160215,,test
MOL_79110,success,-9.27211368,-8.19321055,1.07890313,,test
MOL_95810,success,-9.3316745,-8.21374734,1.11792716,,test
MOL_02066,success,-9.08724139,-8.47455455,0.61268685,,test
MOL_47269,success,-9.13783724,-8.36061512,0.77722211,,test
MOL_87339,success,-8.96842628,-8.5483037,0.42012258,,test
MOL_95458,success,-9.21050054,-8.35251427,0.85798627,,test
MOL_47807,success,-9.25846709,-8.26946049,0.9890066,,test
MOL_35669,success,-9.20600765,-8.25063674,0.9553709,,test
MOL_76820,success,-9.18955714,-8.31309915,0.876458,,test
MOL_27567,success,-9.2511693,-8.26801704,0.98315226,,test
MOL_55251,success,-9.21169034,-8.2791837,0.93250664,,test
MOL_44722,success,-9.49835051,-7.94009737,1.55825314,,test
MOL_38399,success,-9.42215289,-8.05515036,1.36700254,,test
MOL_43395,success,-9.19068459,-8.23540938,0.9552752,,test
MOL_44115,success,-8.93512528,-8.591157,0.34396829,,test
MOL_21018,success,-9.24392521,-8.20059977,1.04332543,,test
MOL_96456,success,-9.36723731,-8.06513986,1.30209745,,test
MOL_60059,success,-9.28660304,-8.17079754,1.1158055,,test
MOL_52495,success,-9.30402947,-8.12661205,1.17741741,,test
MOL_97803,success,-9.23241841,-8.33729399,0.89512443,,test
MOL_68674,success,-9.19822497,-8.30842163,0.88980334,,test
MOL_42428,success,-9.44677901,-8.02960835,1.41717066,,test
MOL_24143,success,-9.25198558,-8.2392481,1.01273748,,test
MOL_57736,success,-8.8038471,-8.69533819,0.10850892,,test
MOL_84280,success,-8.9064949,-8.6151357,0.2913592,,test
MOL_77523,success,-9.51624069,-7.98747379,1.5287669,,test
MOL_31925,success,-9.21415098,-8.25083428,0.9633167,,test
MOL_66202,success,-9.2150468,-8.22376138,0.99128542,,test
MOL_51322,success,-9.2257148,-8.26636765,0.95934715,,test
MOL_62371,success,-9.21197854,-8.343842,0.86813654,,test
MOL_54447,success,-9.2035362,-8.23887752,0.96465868,,test
MOL_33245,success,-9.25525149,-8.26039583,0.99485566,,test
MOL_06420,success,-9.09231519,-8.45846264,0.63385255,,test
MOL_24914,success,-9.10926807,-8.45733138,0.65193669,,test
MOL_82307,success,-8.89255307,-8.61267115,0.27988192,,test
MOL_64429,success,-8.80459773,-8.76702528,0.03757244,,test
MOL_70728,success,-9.06152002,-8.49154098,0.56997904,,test
MOL_60681,success,-9.09804157,-8.38163753,0.71640405,,test
MOL_40310,success,-8.94904387,-8.55220658,0.39683729,,test
MOL_67662,success,-9.18960494,-8.30309974,0.88650519,,test
MOL_42093,success,-9.02318101,-8.48739428,0.53578673,,test
MOL_86013,success,-9.10154569,-8.4202573,0.68128839,,test
MOL_16543,success,-9.0731281,-8.47733912,0.59578897,,test
MOL_03509,success,-8.80161857,-8.72954832,0.07207024,,test
MOL_14849,success,-9.35965799,-8.11993609,1.2397219,,test
MOL_27503,success,-8.93511998,-8.58450817,0.35061181,,test
MOL_20967,success,-8.8266013,-8.70580967,0.12079163,,test
MOL_05084,success,-9.02144715,-8.44923361,0.57221353,,test
MOL_87762,success,-9.13909925,-8.36221003,0.77688923,,test
MOL_81616,success,-8.83256269,-8.67895239,0.1536103,,test
MOL_45293,success,-9.30363853,-8.19037915,1.11325938,,test
MOL_64256,success,-9.6355732,-7.7233808,1.9121924,,test
MOL_53332,success,-9.57508741,-7.89391007,1.68117734,,test
MOL_12912,success,-9.11366168,-8.35453978,0.7591219,,test
MOL_60583,success,-8.82853455,-8.66073682,0.16779773,,test
MOL_69239,success,-9.0220615,-8.4699348,0.5521267,,test
MOL_07805,success,-8.94542767,-8.56155579,0.38387188,,test
MOL_60087,success,-9.50598987,-7.99091809,1.51507177,,test
MOL_66201,success,-8.86173316,-8.67737306,0.1843601,,test
MOL_21672,success,-8.94020248,-8.55092167,0.38928081,,test
MOL_20244,success,-8.77031659,-8.73373482,0.03658178,,test
MOL_92294,success,-9.0207516,-8.49360551,0.52714609,,test
MOL_02274,success,-9.5105896,-7.90601313,1.60457647,,test
MOL_72056,success,-9.25059958,-8.22237933,1.02822025,,test
MOL_31673,success,-9.10293057,-8.44278844,0.66014213,,test
MOL_55376,success,-9.36392557,-8.10909403,1.25483154,,test
MOL_32498,success,-9.19724299,-8.33702248,0.86022051,,test
MOL_47481,success,-9.35030517,-8.10244513,1.24786004,,test
MOL_81338,success,-9.46650001,-8.04081526,1.42568474,,test
MOL_58187,success,-9.04651025,-8.35931571,0.68719454,,test
MOL_02322,success,-8.89981748,-8.53188125,0.36793623,,test
MOL_17976,success,-8.89238829,-8.67900898,0.21337931,,test
MOL_51090,success,-9.53740826,-7.99617691,1.54123135,,test
MOL_11447,success,-8.90551582,-8.6099676,0.29554822,,test
MOL_78671,success,-9.40385299,-8.02833303,1.37551996,,test
MOL_50138,success,-8.94548117,-8.5896898,0.35579137,,test
MOL_00427,success,-9.07056901,-8.47114773,0.59942128,,test
MOL_72582,success,-8.96424934,-8.54991292,0.41433642,,test
MOL_29381,success,-8.98769266,-8.45636174,0.53133092,,test
MOL_60737,success,-8.77762602,-8.74360644,0.03401959,,test
MOL_38400,success,-9.33414039,-8.12251914,1.21162125,,test
MOL_41662,success,-9.2956146,-8.16650844,1.12910616,,test
MOL_28285,success,-9.04024098,-8.4898444,0.55039658,,test
MOL_17365,success,-9.26798894,-8.2401682,1.02782074,,test
MOL_69866,success,-9.38811667,-8.04520519,1.34291148,,test
MOL_93230,success,-9.11883296,-8.4214401,0.69739285,,test
MOL_92516,success,-9.21271661,-8.36667919,0.84603742,,test
MOL_89873,success,-9.09205874,-8.45855232,0.63350642,,test
MOL_43660,success,-9.11683472,-8.40261366,0.71422106,,test
MOL_85291,success,-8.90423648,-8.6310126,0.27322388,,test
MOL_39391,success,-9.39117907,-8.03365979,1.35751929,,test
MOL_25272,success,-9.29899518,-8.22320607,1.07578911,,test
MOL_12618,success,-9.34183954,-8.14155501,1.20028453,,test
MOL_18052,success,-9.24879096,-8.27517735,0.97361362,,test
MOL_53076,success,-9.36787496,-8.13358638,1.23428858,,test
MOL_19355,success,-8.99858751,-8.54172066,0.45686685,,test
MOL_95176,success,-8.96763882,-8.55670171,0.41093712,,test
MOL_34021,success,-8.98075501,-8.56398895,0.41676606,,test
MOL_84338,success,-9.09744043,-8.41488366,0.68255677,,test
MOL_93933,success,-8.86630172,-8.67668419,0.18961753,,test
MOL_87386,success,-9.16434132,-8.36852624,0.79581508,,test
MOL_86439,success,-9.26508939,-8.19834983,1.06673956,,test
MOL_50101,success,-8.84304224,-8.70838515,0.13465709,,test
MOL_52787,success,-9.44222458,-8.03936439,1.40286019,,test
MOL_15660,success,-8.74928072,-8.69813874,0.05114198,,test
MOL_12023,success,-9.07439529,-8.44442128,0.62997402,,test
MOL_58216,success,-9.17850076,-8.32755325,0.85094751,,test
MOL_28372,success,-9.02636264,-8.52372504,0.5026376,,test
MOL_12127,success,-9.21686542,-8.31347317,0.90339225,,test
MOL_75997,success,-9.15718876,-8.35361544,0.80357331,,test
MOL_69955,success,-9.40390677,-8.04435253,1.35955425,,test
MOL_41546,success,-9.08929078,-8.47689536,0.61239541,,test
MOL_64221,success,-8.79613059,-8.72255307,0.07357752,,test
MOL_38941,success,-9.39806262,-8.0439581,1.35410452,,test
MOL_06376,success,-8.93821158,-8.58012564,0.35808594,,test
MOL_59797,success,-8.81882988,-8.74325407,0.0755758,,test
MOL_70601,success,-9.11300642,-8.4283773,0.68462912,,test
MOL_68972,success,-8.98641422,-8.48453217,0.50188205,,test
MOL_64834,success,-9.28423886,-8.15828936,1.12594949,,test
MOL_66083,success,-8.9961719,-8.51628226,0.47988965,,test
MOL_96776,success,-9.20522812,-8.29175977,0.91346835,,test
MOL_74502,success,-8.89287375,-8.60493793,0.28793582,,test
MOL_85253,success,-9.38894931,-8.03024762,1.35870169,,test
MOL_99321,success,-9.17726697,-8.36164766,0.8156193,,test
MOL_52754,success,-8.80342002,-8.67714506,0.12627497,,test
MOL_84838,success,-9.28943738,-8.19007441,1.09936296,,test
MOL_69993,success,-9.25338862,-8.22488703,1.02850159,,test
MOL_16488,success,-8.84769609,-8.68823684,0.15945925,,test
MOL_98742,success,-8.90483057,-8.63084018,0.27399039,,test
MOL_29526,success,-9.24460825,-8.24045365,1.0041546,,test
MOL_32357,success,-9.1120237,-8.43446979,0.67755391,,test
MOL_47129,success,-9.10201902,-8.46835936,0.63365966,,test
MOL_79715,success,-8.96661077,-8.56844132,0.39816945,,test
MOL_71804,success,-9.02567981,-8.50901783,0.51666198,,test
MOL_32588,success,-9.17717406,-8.31565946,0.86151461,,test
MOL_64581,success,-9.15835598,-8.37819104,0.78016494,,test
MOL_46044,success,-9.15041052,-8.3949319,0.75547862,,test
MOL_26218,success,-8.77232571,-8.71777311,0.0545526,,test
MOL_82717,success,-9.29674302,-8.21886019,1.07788284,,test
MOL_06211,success,-9.25188627,-8.1871033,1.06478297,,test
MOL_22480,success,-8.87753081,-8.68116909,0.19636171,,test
MOL_71354,success,-9.45757034,-7.87218036,1.58538998,,test
MOL_11273,success,-9.0157569,-8.50046765,0.51528925,,test
MOL_07268,success,-8.89241466,-8.63336335,0.25905131,,test
MOL_39797,success,-9.27798775,-8.17757001,1.10041774,,test
MOL_76156,success,-9.1446956,-8.35494977,0.78974584,,test
MOL_29895,success,-9.48240165,-7.97344093,1.50896072,,test
MOL_47787,success,-9.07131222,-8.4750722,0.59624002,,test
MOL_83630,success,-8.92371022,-8.6302238,0.29348642,,test
MOL_13644,success,-9.30702102,-8.18191958,1.12510144,,test
MOL_93549,success,-9.32257871,-8.15790995,1.16466876,,test
MOL_84803,success,-9.37850132,-8.07705385,1.30144747,,test
MOL_01469,success,-9.00090229,-8.48883214,0.51207016,,test
MOL_80452,success,-9.26775515,-8.20476282,1.06299233,,test
MOL_15075,success,-9.26645337,-8.22541431,1.04103905,,test
MOL_21072,success,-8.98134796,-8.4792878,0.50206016,,test
MOL_15751,success,-9.04465639,-8.47980129,0.5648551,,test
MOL_40075,success,-9.3446853,-8.08675464,1.25793065,,test
MOL_70605,success,-9.43531151,-8.04522161,1.3900899,,test
MOL_84102,success,-8.85976823,-8.63507238,0.22469585,,test
MOL_05854,success,-9.13004192,-8.36793039,0.76211154,,test
MOL_77611,success,-8.96434223,-8.55481579,0.40952644,,test
MOL_69219,success,-9.3219882,-8.11850509,1.20348311,,test
MOL_27023,success,-9.10747769,-8.33205123,0.77542646,,test
MOL_28148,success,-9.54522243,-7.93331545,1.61190698,,test
MOL_50486,success,-8.82574103,-8.7378837,0.08785733,,test
MOL_71500,success,-9.29465201,-8.19880934,1.09584268,,test
MOL_92944,success,-9.40140535,-8.06934345,1.3320619,,test
MOL_00383,success,-9.31365176,-8.1818166,1.13183515,,test
MOL_56782,success,-9.08894595,-8.42902564,0.65992031,,test
MOL_41488,success,-9.06457229,-8.44125803,0.62331425,,test
MOL_74723,success,-8.90324901,-8.62418255,0.27906646,,test
MOL_09107,success,-9.29489657,-8.15160282,1.14329376,,test
MOL_37037,success,-8.9774932,-8.55676475,0.42072845,,test
MOL_43925,success,-9.3505962,-8.11662148,1.23397472,,test
MOL_84233,success,-8.83492252,-8.74229621,0.09262631,,test
MOL_75355,success,-9.12345037,-8.39092659,0.73252378,,test
MOL_48256,success,-9.26405778,-8.20649142,1.05756636,,test
MOL_28949,success,-9.30669335,-8.16790927,1.13878409,,test
MOL_81597,success,-9.03860985,-8.51672209,0.52188775,,test
MOL_78488,success,-9.31748001,-8.13286034,1.18461967,,test
MOL_53295,success,-9.25632053,-8.23288268,1.02343785,,test
MOL_02149,success,-9.37743192,-8.00441752,1.3730144,,test
MOL_26072,success,-9.40567946,-8.09616145,1.30951801,,test
MOL_57633,success,-9.2942387,-8.12639124,1.16784746,,test
MOL_97139,success,-9.52953346,-7.91546774,1.61406573,,test
MOL_15909,success,-8.76972021,-8.72652487,0.04319534,,test
MOL_05101,success,-9.20677102,-8.26475562,0.9420154,,test
MOL_42445,success,-9.2833674,-8.2562018,1.0271656,,test
MOL_20734,success,-9.03245722,-8.49370593,0.5387513,,test
MOL_78454,success,-8.91546258,-8.64248762,0.27297496,,test
MOL_46576,success,-9.04967473,-8.4078703,0.64180444,,test
MOL_41730,success,-8.82627876,-8.70129715,0.12498161,,test
MOL_21550,success,-9.13808727,-8.38091408,0.75717319,,test
MOL_78648,success,-9.16212319,-8.32719264,0.83493055,,test
MOL_58987,success,-9.16386702,-8.30829406,0.85557296,,test
MOL_93699,success,-9.00938843,-8.50467379,0.50471464,,test
MOL_55712,success,-9.06412297,-8.39937374,0.66474923,,test
MOL_66245,success,-9.0745264,-8.3350281,0.7394983,,test
MOL_61930,success,-9.23463389,-8.29023752,0.94439637,,test
MOL_03281,success,-8.970346,-8.54181868,0.42852732,,test
MOL_97777,success,-9.06193882,-8.42855902,0.63337979,,test
MOL_25214,success,-8.87497011,-8.6578127,0.21715742,,test
MOL_99920,success,-9.07767825,-8.49560968,0.58206857,,test
MOL_62791,success,-9.38759781,-8.10046934,1.28712846,,test
MOL_63530,success,-9.03206539,-8.46980921,0.56225618,,test
MOL_08611,success,-9.19727164,-8.24029085,0.95698079,,test
MOL_75191,success,-9.33513813,-8.0711842,1.26395393,,test
MOL_86137,success,-9.2334119,-8.28326084,0.95015106,,test
MOL_03592,success,-9.03953891,-8.44153118,0.59800773,,test
MOL_16937,success,-9.04279867,-8.49349337,0.5493053,,test
MOL_42160,success,-9.3209156,-8.24259433,1.07832127,,test
MOL_91129,success,-9.25624456,-8.21632742,1.03991714,,test
MOL_11451,success,-9.29388378,-8.22214659,1.07173718,,test
MOL_47643,success,-9.1733676,-8.2830934,0.8902742,,test
MOL_86577,success,-8.99499344,-8.49947602,0.49551742,,test
MOL_47605,success,-8.93425936,-8.61523106,0.3190283,,test
MOL_92239,success,-8.93134979,-8.59769274,0.33365704,,test
MOL_53754,success,-9.38818181,-8.08550605,1.30267575,,test
MOL_52438,success,-8.92726074,-8.56996053,0.35730021,,test
MOL_91585,success,-9.11389956,-8.34836377,0.76553579,,test
MOL_86461,success,-9.17639616,-8.28085487,0.89554129,,test
MOL_83250,success,-9.22552286,-8.19857222,1.02695064,,test
MOL_59741,success,-9.26023872,-8.16089603,1.09934269,,test
MOL_75204,success,-8.95092918,-8.57470079,0.37622839,,test
MOL_83391,success,-9.21353336,-8.28695692,0.92657644,,test
MOL_95276,success,-9.34604916,-8.09067377,1.25537539,,test
MOL_46456,success,-9.01977958,-8.4219686,0.59781097,,test
MOL_49735,success,-8.8385017,-8.561391,0.2771107,,test
MOL_63823,success,-9.2390599,-8.25839387,0.98066604,,test
MOL_08540,success,-9.57854425,-7.90434134,1.67420291,,test
MOL_88199,success,-9.19560507,-8.28708036,0.90852471,,test
MOL_11360,success,-9.35248374,-8.10346992,1.24901382,,test
MOL_75978,success,-8.76049928,-8.75345842,0.00704085,,test
MOL_51998,success,-9.01114512,-8.54253469,0.46861043,,test
MOL_95457,success,-9.54606078,-7.85735558,1.68870521,,test
MOL_36999,success,-9.12897745,-8.36091776,0.76805969,,test
MOL_25303,success,-9.20497147,-8.30050415,0.90446732,,test
MOL_65123,success,-8.79951556,-8.6990946,0.10042096,,test
MOL_55277,success,-8.94737728,-8.58918476,0.35819253,,test
MOL_68318,success,-8.93578804,-8.58227488,0.35351316,,test
MOL_45550,success,-9.00269789,-8.56550282,0.43719508,,test
MOL_82438,success,-9.11391761,-8.43002039,0.68389722,,test
MOL_23427,success,-9.29847603,-8.14063237,1.15784365,,test
MOL_65423,success,-9.23892839,-8.3098559,0.92907248,,test
MOL_16039,success,-9.25698872,-8.26665909,0.99032963,,test
MOL_10708,success,-9.16473588,-8.31315685,0.85157903,,test
MOL_44434,success,-9.39942817,-8.04330026,1.35612791,,test
MOL_33901,success,-9.15394856,-8.39835442,0.75559414,,test
MOL_62447,success,-9.09019888,-8.41702748,0.67317141,,test
MOL_76963,success,-8.81673053,-8.64733048,0.16940005,,test
MOL_78897,success,-9.37792389,-8.1385051,1.23941879,,test
MOL_30940,success,-8.824556,-8.7206513,0.1039047,,test
MOL_61646,success,-9.28726224,-8.1545467,1.13271553,,test
MOL_64042,success,-9.3881983,-8.15230519,1.2358931,,test
MOL_74358,success,-8.81400286,-8.68059104,0.13341182,,test
MOL_98888,success,-9.21340046,-8.27224983,0.94115063,,test
MOL_99156,success,-9.27769144,-8.21196186,1.06572957,,test
MOL_78209,success,-8.87892894,-8.5840817,0.29484724,,test
MOL_96704,success,-9.33781141,-8.06645184,1.27135957,,test
MOL_93156,success,-8.74381565,-8.71671395,0.0271017,,test
MOL_00031,success,-9.22212677,-8.3148824,0.90724438,,test
MOL_94807,success,-9.37140127,-8.07904042,1.29236085,,test
MOL_31705,success,-9.41609387,-8.09377681,1.32231706,,test
MOL_22027,success,-9.09045125,-8.43962866,0.6508226,,test
MOL_28862,success,-9.19701338,-8.31448892,0.88252446,,test
MOL_18206,success,-9.16321132,-8.30014603,0.8630653,,test
MOL_57279,success,-9.55572437,-7.90054958,1.65517479,,test
MOL_97268,success,-9.0231248,-8.554151,0.46897379,,test
MOL_91186,success,-9.18911354,-8.27993017,0.90918337,,test
MOL_88194,success,-9.28845718,-8.20699328,1.08146391,,test
MOL_32987,success,-9.25312035,-8.26415755,0.98896281,,test
MOL_79281,success,-9.53561205,-7.86806687,1.66754518,,test
MOL_09139,success,-9.25625622,-8.22869788,1.02755834,,test
MOL_96994,success,-9.11725577,-8.44047686,0.67677891,,test
MOL_96822,success,-8.89028301,-8.59635929,0.29392371,,test
MOL_08103,success,-9.44322674,-8.05720183,1.38602491,,test
MOL_64865,success,-8.95724018,-8.54446517,0.412775,,test
MOL_53396,success,-8.99682437,-8.51069888,0.48612549,,test
MOL_43315,success,-9.23513634,-8.26755225,0.96758409,,test
MOL_09504,success,-9.20561556,-8.27527441,0.93034115,,test
MOL_65985,success,-9.23036424,-8.30269103,0.92767321,,test
MOL_28048,success,-9.23019568,-8.22241168,1.007784,,test
MOL_48383,success,-9.51969151,-8.00244479,1.51724672,,test
MOL_68223,success,-9.33119155,-8.19220536,1.13898619,,test
MOL_47257,success,-9.10727504,-8.41487344,0.6924016,,test
MOL_28658,success,-9.18782232,-8.24066626,0.94715607,,test
MOL_56324,success,-9.34782919,-8.03637076,1.31145844,,test
MOL_49489,success,-9.28309255,-8.18045825,1.1026343,,test
MOL_63578,success,-9.24897736,-8.25525738,0.99371998,,test
MOL_65265,success,-9.06989755,-8.39464589,0.67525167,,test
MOL_33357,success,-9.10150578,-8.41601826,0.68548752,,test
MOL_13212,success,-8.93258784,-8.64395814,0.2886297,,test
MOL_50454,success,-9.03934217,-8.53408393,0.50525823,,test
MOL_72957,success,-8.82643456,-8.66647803,0.15995654,,test
MOL_99346,success,-8.78971726,-8.77111418,0.01860308,,test
MOL_22853,success,-9.09195538,-8.45557806,0.63637732,,test
MOL_30395,success,-9.0562036,-8.44075879,0.61544481,,test
MOL_86579,success,-9.363072,-8.13652011,1.22655189,,test
MOL_63597,success,-9.228647,-8.27186533,0.95678166,,test
MOL_85012,success,-8.86556835,-8.64031601,0.22525234,,test
MOL_62217,success,-9.26357638,-8.23103395,1.03254243,,test
MOL_18029,success,-9.49716669,-7.94903181,1.54813488,,test
MOL_11907,success,-9.43269138,-8.0613787,1.37131268,,test
MOL_35938,success,-8.94209789,-8.59653034,0.34556755,,test
MOL_05973,success,-9.04532941,-8.43184331,0.6134861,,test
MOL_97128,success,-9.22049544,-8.26586925,0.95462618,,test
MOL_67760,success,-9.16006648,-8.39546199,0.7646045,,test
MOL_21627,success,-9.09378956,-8.44842548,0.64536408,,test
MOL_49854,success,-9.0719489,-8.35396732,0.71798158,,test
MOL_80727,success,-8.89442315,-8.61903503,0.27538812,,test
MOL_78336,success,-9.2308049,-8.24330497,0.98749992,,test
MOL_52549,success,-9.04715744,-8.44036434,0.6067931,,test
MOL_00865,success,-9.08620803,-8.50280035,0.58340768,,test
MOL_43864,success,-9.24684691,-8.22372797,1.02311893,,test
MOL_62983,success,-9.14273578,-8.30597673,0.83675905,,test
MOL_75000,success,-9.42306781,-8.0939768,1.32909101,,test
MOL_10551,success,-9.25516303,-8.24209708,1.01306595,,test
MOL_78418,success,-9.56815338,-7.84149362,1.72665975,,test
MOL_95318,success,-9.14470492,-8.324093,0.82061192,,test
MOL_47628,success,-9.26393628,-8.28319761,0.98073866,,test
MOL_77378,success,-9.27762409,-8.23969778,1.03792631,,test
MOL_17567,success,-9.41173095,-8.03512288,1.37660806,,test
MOL_84323,success,-9.05058106,-8.41214682,0.63843424,,test
MOL_90485,success,-9.34715638,-8.13244914,1.21470724,,test
MOL_45155,success,-9.17848173,-8.32123408,0.85724765,,test
MOL_57888,success,-9.4420552,-8.0376885,1.4043667,,test
MOL_19986,success,-9.31966544,-8.12091354,1.1987519,,test
MOL_26700,success,-8.94333397,-8.55243099,0.39090298,,test
MOL_24338,success,-9.17328315,-8.35650305,0.8167801,,test
MOL_88643,success,-9.15115848,-8.33123085,0.81992763,,test
MOL_00017,success,-8.86408669,-8.63602696,0.22805973,,test
MOL_94988,success,-8.93658632,-8.67307364,0.26351268,,test
MOL_85775,success,-9.35340758,-8.12623887,1.22716871,,test
MOL_09525,success,-9.1887163,-8.27428169,0.91443461,,test
MOL_56377,success,-9.2909755,-8.15753309,1.13344241,,test
MOL_20464,success,-8.88306422,-8.60459636,0.27846786,,test
MOL_30966,success,-9.08841369,-8.37289415,0.71551955,,test
MOL_99610,success,-9.52284655,-7.94049875,1.5823478,,test
MOL_31103,success,-9.31835912,-8.24039752,1.0779616,,test
MOL_24016,success,-9.31293403,-8.16386837,1.14906566,,test
MOL_31996,success,-9.45528224,-7.93516169,1.52012055,,test
MOL_79642,success,-9.2489053,-8.24422564,1.00467966,,test
MOL_52902,success,-8.94492416,-8.61330295,0.33162121,,test
MOL_74511,success,-9.13474451,-8.30734792,0.82739659,,test
MOL_48623,success,-9.38876838,-8.08891281,1.29985557,,test
MOL_77768,success,-9.12671293,-8.3373387,0.78937423,,test
MOL_26162,success,-9.01230052,-8.57366431,0.4386362,,test
MOL_97328,success,-8.99405381,-8.41003275,0.58402106,,test
MOL_48154,success,-9.25585262,-8.22233088,1.03352174,,test
MOL_88617,success,-9.18970768,-8.30446752,0.88524015,,test
MOL_45130,success,-8.81710117,-8.72063158,0.09646959,,test
MOL_02457,success,-9.3608183,-8.12271611,1.23810219,,test
MOL_21194,success,-9.19475443,-8.29815463,0.8965998,,test
MOL_81163,success,-8.93733986,-8.60330031,0.33403956,,test
MOL_90313,success,-9.09501297,-8.44503677,0.6499762,,test
MOL_65227,success,-8.74745061,-8.70804695,0.03940366,,test
MOL_67525,success,-9.25560068,-8.17305038,1.0825503,,test
MOL_76530,success,-9.1963487,-8.34923502,0.84711368,,test
MOL_13590,success,-8.89510126,-8.56145082,0.33365044,,test
MOL_84443,success,-9.34254175,-8.10924796,1.2332938,,test
